data;horario;n_da_ocorrencia;tipo_de_ocorrencia;km;trecho;sentido;tipo_de_acidente;automovel;bicicleta;caminhao;moto;onibus;outros;tracao_animal;transporte_de_cargas_especiais;trator_maquinas;utilitarios;ilesos;levemente_feridos;moderadamente_feridos;gravemente_feridos;mortos
"16/02/2024";"05:54:00";"28";"Sem vítima";"573,075";"BR-163/PA";"Crescente";"Saída de pista";0;0;0;0;0;0;0;0;0;0;1;0;0;0;0
"16/02/2024";"10:01:00";"92";"Com vítima";"652,224";"BR-163/PA";"Crescente";"Tombamento";0;0;0;0;0;0;0;0;0;0;0;2;0;0;0
"16/02/2024";"08:38:00";"195";"Com vítima";"936,722";"BR-163/MT";"Decrescente";"Atropelamento de pedestre";0;0;0;0;0;0;0;0;0;0;1;0;0;0;0
"17/02/2024";"06:38:00";"41";"Sem vítima";"862,209";"BR-163/MT";"Crescente";"Colisão traseira";0;0;0;0;0;0;0;0;0;0;5;0;0;0;0
"17/02/2024";"08:08:00";"56";"Com vítima";"73,240";"BR-163/PA";"Crescente";"Tombamento";0;0;0;0;0;0;0;0;0;0;0;1;0;0;0
"17/02/2024";"08:31:00";"71";"Sem vítima";"554,540";"BR-163/PA";"Decrescente";"Colisão traseira";0;0;0;0;0;0;0;0;0;0;1;0;0;0;0
"17/02/2024";"04:31:00";"85";"Sem vítima";"310,100";"BR-163/PA";"Crescente";"Queda de moto";0;0;0;0;0;0;0;0;0;0;2;0;0;0;0
"17/02/2024";"10:11:00";"197";"Sem vítima";"616,000";"BR-163/PA";"Crescente";"Choque";0;0;0;0;0;0;0;0;0;0;1;0;0;0;0
"17/02/2024";"10:11:00";"197";"Sem vítima";"616,514";"BR-163/PA";"Decrescente";"Choque";0;0;0;0;0;0;0;0;0;0;1;0;0;0;0
"18/02/2024";"04:52:00";"32";"Com vítima";"1045,97";"BR-163/MT";"Decrescente";"Colisão frontal";0;0;0;0;0;0;0;0;0;0;1;0;0;0;2
"18/02/2024";"12:06:00";"89";"Com vítima";"312,366";"BR-163/PA";"Crescente";"Colisão transversal";0;0;0;0;0;0;0;0;0;0;1;1;0;0;0
"19/02/2024";"04:25:00";"179";"Com vítima";"316,000";"BR-163/PA";"Decrescente";"Choque";0;0;0;0;0;0;0;0;0;0;0;1;0;0;0
"20/02/2024";"10:12:00";"84";"Com vítima";"519,836";"BR-163/PA";"Crescente";"Colisão frontal";0;0;0;0;0;0;0;0;0;0;1;1;0;0;0
"20/02/2024";"11:09:00";"94";"Sem vítima";"1111,79";"BR-163/MT";"Crescente";"Colisão lateral no mesmo sentido";0;0;0;0;0;0;0;0;0;0;3;0;0;0;0
"20/02/2024";"02:14:00";"130";"Com vítima";"286,141";"BR-163/PA";"Crescente";"Acidentes de outra natureza";0;0;0;0;0;0;0;0;0;0;0;6;0;0;0
"20/02/2024";"05:24:00";"146";"Com vítima";"971,319";"BR-163/MT";"Decrescente";"Colisão frontal";0;0;0;0;0;0;0;0;0;0;0;1;0;2;0
"20/02/2024";"07:02:00";"154";"Com vítima";"1067,00";"BR-163/MT";"Decrescente";"Colisão traseira";0;0;0;0;0;0;0;0;0;0;1;1;0;0;0
"21/02/2024";"06:57:00";"59";"Sem vítima";"872,789";"BR-163/MT";"Crescente";"Saída de pista";0;0;0;0;0;0;0;0;0;0;1;0;0;0;0
"21/02/2024";"01:26:00";"177";"Sem vítima";"962,410";"BR-163/MT";"Decrescente";"Colisão traseira";0;0;0;0;0;0;0;0;0;0;2;0;0;0;0
"21/02/2024";"02:15:00";"180";"Com vítima";"104,103";"BR-163/PA";"Crescente";"Tombamento";0;0;0;0;0;0;0;0;0;0;0;1;0;0;0
"21/02/2024";"04:11:00";"195";"Sem vítima";"948,689";"BR-163/MT";"Crescente";"Saída de pista";0;0;0;0;0;0;0;0;0;0;2;0;0;0;0
"22/02/2024";"12:00:00";"102";"Com vítima";"547,000";"BR-163/PA";"Crescente";"Tombamento";0;0;0;0;0;0;0;0;0;0;0;1;0;0;0
"22/02/2024";"08:45:00";"102";"Sem vítima";"547,000";"BR-163/PA";"Crescente";"Tombamento";0;0;0;0;0;0;0;0;0;0;1;0;0;0;0
"22/02/2024";"08:45:00";"102";"Sem vítima";"547,235";"BR-163/PA";"Decrescente";"Tombamento";0;0;0;0;0;0;0;0;0;0;1;0;0;0;0
"22/02/2024";"10:19:00";"114";"Com vítima";"1108,44";"BR-163/MT";"Decrescente";"Tombamento";0;0;0;0;0;0;0;0;0;0;0;1;0;0;0
"22/02/2024";"01:23:00";"137";"Com vítima";"513,693";"BR-163/PA";"Crescente";"Colisão lateral no mesmo sentido";0;0;0;0;0;0;0;0;0;0;1;3;0;0;0
"22/02/2024";"07:53:00";"178";"Sem vítima";"952,652";"BR-163/MT";"Decrescente";"Tombamento";0;0;0;0;0;0;0;0;0;0;1;0;0;0;0
"23/02/2024";"09:27:00";"89";"Sem vítima";"493,071";"BR-163/PA";"Decrescente";"Colisão lateral no mesmo sentido";0;0;0;0;0;0;0;0;0;0;2;0;0;0;0
"23/02/2024";"07:02:00";"185";"Com vítima";"247,182";"BR-163/PA";"Decrescente";"Colisão traseira";0;0;0;0;0;0;0;0;0;0;0;1;0;0;0
"24/02/2024";"03:18:00";"23";"Sem vítima";"1122,87";"BR-230/PA";"Crescente";"Atropelamento de animal";0;0;0;0;0;0;0;0;0;0;2;0;0;0;0
"24/02/2024";"03:23:00";"24";"Sem vítima";"158,888";"BR-163/PA";"Crescente";"Choque";0;0;0;0;0;0;0;0;0;0;2;0;0;0;0
"24/02/2024";"04:05:00";"26";"Sem vítima";"402,000";"BR-163/PA";"Crescente";"Queda de moto";0;0;0;0;0;0;0;0;0;0;1;0;0;0;0
"24/02/2024";"03:24:00";"117";"Sem vítima";"292,808";"BR-163/PA";"Crescente";"Colisão lateral no mesmo sentido";0;0;0;0;0;0;0;0;0;0;3;0;0;0;0
"24/02/2024";"08:45:00";"155";"Sem vítima";"1085,40";"BR-163/MT";"Crescente";"Saída de pista";0;0;0;0;0;0;0;0;0;0;1;0;0;0;0
"24/02/2024";"10:32:00";"168";"Sem vítima";"1063,01";"BR-163/MT";"Crescente";"Colisão lateral no mesmo sentido";0;0;0;0;0;0;0;0;0;0;2;0;0;0;0
"25/02/2024";"07:25:00";"35";"Sem vítima";"1106,22";"BR-230/PA";"Decrescente";"Colisão lateral no mesmo sentido";0;0;0;0;0;0;0;0;0;0;4;0;0;0;0
"25/02/2024";"11:01:00";"72";"Sem vítima";"610,494";"BR-163/PA";"Crescente";"Colisão lateral no mesmo sentido";0;0;0;0;0;0;0;0;0;0;2;0;0;0;0
"25/02/2024";"12:58:00";"80";"Com vítima";"424,355";"BR-163/PA";"Crescente";"Choque";0;0;0;0;0;0;0;0;0;0;0;2;0;0;0
"25/02/2024";"01:02:00";"82";"Com vítima";"1028,55";"BR-163/MT";"Crescente";"Colisão lateral no mesmo sentido";0;0;0;0;0;0;0;0;0;0;0;3;0;0;0
"25/02/2024";"03:55:00";"109";"Com vítima";"1014,97";"BR-163/MT";"Crescente";"Capotamento";0;0;0;0;0;0;0;0;0;0;0;7;0;0;0
"25/02/2024";"05:27:00";"116";"Com vítima";"1113,28";"BR-230/PA";"Decrescente";"Tombamento";0;0;0;0;0;0;0;0;0;0;0;0;2;0;0
"25/02/2024";"06:49:00";"122";"Sem vítima";"286,000";"BR-163/PA";"Crescente";"Colisão lateral no mesmo sentido";0;0;0;0;0;0;0;0;0;0;0;0;0;0;0
"26/02/2024";"11:33:00";"94";"Sem vítima";"943,451";"BR-163/MT";"Crescente";"Colisão traseira";0;0;0;0;0;0;0;0;0;0;1;0;0;0;0
"26/02/2024";"01:28:00";"99";"Sem vítima";"897,050";"BR-163/MT";"Crescente";"Colisão traseira";0;0;0;0;0;0;0;0;0;0;3;0;0;0;0
"26/02/2024";"07:07:00";"147";"Sem vítima";"347,020";"BR-163/PA";"Decrescente";"Colisão lateral no mesmo sentido";0;0;0;0;0;0;0;0;0;0;1;0;0;0;0
"26/02/2024";"07:56:00";"154";"Com vítima";"1033,15";"BR-163/MT";"Decrescente";"Colisão frontal";0;0;0;0;0;0;0;0;0;0;0;1;0;1;0
"27/02/2024";"04:33:00";"24";"Com vítima";"1091,53";"BR-163/MT";"Decrescente";"Saída de pista";0;0;0;0;0;0;0;0;0;0;0;1;0;0;0
"27/02/2024";"07:01:00";"31";"Sem vítima";"899,610";"BR-163/MT";"Crescente";"Tombamento";0;0;0;0;0;0;0;0;0;0;2;0;0;0;0
"27/02/2024";"10:00:00";"110";"Com vítima";"433,063";"BR-163/PA";"Crescente";"Tombamento";0;0;0;0;0;0;0;0;0;0;1;1;0;0;0
"27/02/2024";"11:04:00";"133";"Sem vítima";"89,747";"BR-163/PA";"Decrescente";"Capotamento";0;0;0;0;0;0;0;0;0;0;2;0;0;0;0
"27/02/2024";"06:48:00";"203";"Sem vítima";"1026,63";"BR-163/MT";"Crescente";"Tombamento";0;0;0;0;0;0;0;0;0;0;1;0;0;0;0
"27/02/2024";"08:08:00";"211";"Com vítima";"285,367";"BR-163/PA";"Crescente";"Atropelamento de animal";0;0;0;0;0;0;0;0;0;0;0;1;0;0;0
"27/02/2024";"08:20:00";"212";"Com vítima";"1021,00";"BR-163/MT";"Crescente";"Queda de moto";0;0;0;0;0;0;0;0;0;0;0;1;0;0;0
"28/02/2024";"09:55:00";"120";"Com vítima";"485,500";"BR-163/PA";"Crescente";"Colisão transversal";0;0;0;0;0;0;0;0;0;0;2;2;0;0;0
"28/02/2024";"09:57:00";"121";"Sem vítima";"981,977";"BR-163/MT";"Crescente";"Tombamento";0;0;0;0;0;0;0;0;0;0;1;0;0;0;0
"28/02/2024";"11:12:00";"134";"Sem vítima";"979,501";"BR-163/MT";"Crescente";"Choque";0;0;0;0;0;0;0;0;0;0;2;0;0;0;0
"28/02/2024";"11:28:00";"137";"Com vítima";"1059,80";"BR-163/MT";"Decrescente";"Colisão lateral no mesmo sentido";0;0;0;0;0;0;0;0;0;0;0;2;0;0;0
"28/02/2024";"11:48:00";"125";"Sem vítima";"309,350";"BR-163/PA";"Crescente";"Colisão transversal";0;0;0;0;0;0;0;0;0;0;2;0;0;0;0
"28/02/2024";"01:10:00";"142";"Sem vítima";"1098,91";"BR-230/PA";"Decrescente";"Choque";0;0;0;0;0;0;0;0;0;0;2;0;0;0;0
"28/02/2024";"06:00:00";"176";"Sem vítima";"1129,00";"BR-230/PA";"Decrescente";"Tombamento";0;0;0;0;0;0;0;0;0;0;0;0;0;0;0
"28/02/2024";"07:19:00";"189";"Com vítima";"623,980";"BR-163/PA";"Crescente";"Colisão frontal";0;0;0;0;0;0;0;0;0;0;0;2;0;0;0
"28/02/2024";"08:50:00";"202";"Com vítima";"104,842";"BR-163/PA";"Crescente";"Tombamento";0;0;0;0;0;0;0;0;0;0;0;1;0;0;0
"29/02/2024";"10:01:00";"111";"Sem vítima";"618,794";"BR-163/PA";"Decrescente";"Tombamento";0;0;0;0;0;0;0;0;0;0;1;0;0;0;0
"29/02/2024";"10:56:00";"140";"Com vítima";"1023,57";"BR-163/MT";"Crescente";"Queda de moto";0;0;0;0;0;0;0;0;0;0;0;1;0;0;0
"29/02/2024";"11:27:00";"147";"Sem vítima";"971,149";"BR-163/MT";"Crescente";"Colisão lateral no mesmo sentido";0;0;0;0;0;0;0;0;0;0;3;0;0;0;0
"29/02/2024";"11:57:00";"150";"Sem vítima";"630,957";"BR-163/PA";"Decrescente";"Tombamento";0;0;0;0;0;0;0;0;0;0;1;0;0;0;0
"29/02/2024";"03:36:00";"176";"Sem vítima";"630,957";"BR-163/PA";"Crescente";"Queda de moto";0;0;0;0;0;0;0;0;0;0;1;0;0;0;0
"29/02/2024";"06:36:00";"204";"Com vítima";"653,000";"BR-163/PA";"Crescente";"Tombamento";0;0;0;0;0;0;0;0;0;0;0;1;0;0;0
"29/02/2024";"08:03:00";"209";"Com vítima";"295,032";"BR-163/PA";"Crescente";"Colisão traseira";0;0;0;0;0;0;0;0;0;0;0;1;0;0;0
"01/03/2024";"09:37:00";"126";"Sem vítima";"1102,50";"BR-163/MT";"Crescente";"Saída de pista";0;0;0;0;0;0;0;0;0;0;1;0;0;0;0
"01/03/2024";"11:00:00";"144";"Com vítima";"433,139";"BR-163/PA";"Crescente";"Tombamento";0;0;0;0;0;0;0;0;0;0;2;2;0;0;0
"01/03/2024";"11:26:00";"150";"Sem vítima";"1111,03";"BR-230/PA";"Crescente";"Tombamento";0;0;0;0;0;0;0;0;0;0;2;0;0;0;0
"01/03/2024";"03:17:00";"171";"Sem vítima";"1049,52";"BR-163/MT";"Crescente";"Atropelamento de animal";0;0;0;0;0;0;0;0;0;0;1;0;0;0;0
"01/03/2024";"11:39:00";"231";"Sem vítima";"309,918";"BR-163/PA";"Crescente";"Colisão traseira";0;0;0;0;0;0;0;0;0;0;2;0;0;0;0
"02/03/2024";"05:59:00";"59";"Sem vítima";"1113,10";"BR-230/PA";"Crescente";"Saída de pista";0;0;0;0;0;0;0;0;0;0;2;0;0;0;0
"02/03/2024";"08:01:00";"74";"Com vítima";"861,091";"BR-163/MT";"Crescente";"Queda de moto";0;0;0;0;0;0;0;0;0;0;0;1;0;0;0
"02/03/2024";"09:38:00";"96";"Com vítima";"1023,71";"BR-163/MT";"Crescente";"Queda de moto";0;0;0;0;0;0;0;0;0;0;0;1;0;0;0
"02/03/2024";"01:28:00";"129";"Sem vítima";"916,975";"BR-163/MT";"Crescente";"Atropelamento de animal";0;0;0;0;0;0;0;0;0;0;2;0;0;0;0
"02/03/2024";"01:35:00";"133";"Com vítima";"104,059";"BR-163/PA";"Decrescente";"Tombamento";0;0;0;0;0;0;0;0;0;0;0;2;0;0;0
"03/03/2024";"03:33:00";"20";"Sem vítima";"122,805";"BR-163/PA";"Decrescente";"Saída de pista";0;0;0;0;0;0;0;0;0;0;2;0;0;0;0
"03/03/2024";"06:40:00";"29";"Com vítima";"617,774";"BR-163/PA";"Crescente";"Queda de moto";0;0;0;0;0;0;0;0;0;0;0;1;0;0;0
"03/03/2024";"04:38:00";"97";"Com vítima";"890,000";"BR-163/MT";"Crescente";"Colisão transversal";0;0;0;0;0;0;0;0;0;0;2;2;0;0;0
"04/03/2024";"06:59:00";"25";"Sem vítima";"318,524";"BR-163/PA";"Decrescente";"Atropelamento de animal";0;0;0;0;0;0;0;0;0;0;4;0;0;0;0
"04/03/2024";"11:47:00";"143";"Com vítima";"621,955";"BR-163/PA";"Crescente";"Tombamento";0;0;0;0;0;0;0;0;0;0;0;1;0;0;0
"04/03/2024";"11:36:00";"220";"Sem vítima";"414,644";"BR-163/PA";"Crescente";"Colisão lateral no mesmo sentido";0;0;0;0;0;0;0;0;0;0;1;0;0;0;0
"06/03/2024";"12:23:00";"2";"Com vítima";"607,650";"BR-163/PA";"Crescente";"Tombamento";0;0;0;0;0;0;0;0;0;0;0;1;0;0;0
"06/03/2024";"06:10:00";"69";"Com vítima";"1128,93";"BR-230/PA";"Crescente";"Atropelamento de pedestre";0;0;0;0;0;0;0;0;0;0;2;0;0;0;0
"06/03/2024";"08:15:00";"88";"Sem vítima";"865,812";"BR-163/MT";"Decrescente";"Colisão traseira";0;0;0;0;0;0;0;0;0;0;2;0;0;0;0
"06/03/2024";"01:31:00";"142";"Com vítima";"267,500";"BR-163/PA";"Decrescente";"Acidentes de outra natureza";0;0;0;0;0;0;0;0;0;0;0;5;0;0;0
"07/03/2024";"04:24:00";"213";"Com vítima";"264,545";"BR-163/PA";"Crescente";"Tombamento";0;0;0;0;0;0;0;0;0;0;0;1;0;0;0
"08/03/2024";"12:06:00";"3";"Com vítima";"1029,71";"BR-163/MT";"Crescente";"Colisão transversal";0;0;0;0;0;0;0;0;0;0;1;2;0;0;0
"08/03/2024";"12:07:00";"4";"Sem vítima";"367,351";"BR-163/PA";"Crescente";"Choque";0;0;0;0;0;0;0;0;0;0;3;0;0;0;0
"08/03/2024";"01:02:00";"6";"Com vítima";"622,020";"BR-163/PA";"Crescente";"Capotamento";0;0;0;0;0;0;0;0;0;0;0;1;0;0;0
"08/03/2024";"01:46:00";"175";"Com vítima";"583,600";"BR-163/PA";"Decrescente";"Saída de pista";0;0;0;0;0;0;0;0;0;0;0;2;0;0;0
"08/03/2024";"03:26:00";"190";"Sem vítima";"1063,16";"BR-163/MT";"Decrescente";"Colisão traseira";0;0;0;0;0;0;0;0;0;0;1;0;0;0;0
"08/03/2024";"06:15:00";"211";"Sem vítima";"940,624";"BR-163/MT";"Decrescente";"Tombamento";0;0;0;0;0;0;0;0;0;0;1;0;0;0;0
"08/03/2024";"10:41:00";"235";"Com vítima";"860,407";"BR-163/MT";"Crescente";"Saída de pista";0;0;0;0;0;0;0;0;0;0;0;1;0;0;0
"09/03/2024";"04:34:00";"27";"Sem vítima";"1102,00";"BR-163/MT";"Decrescente";"Tombamento";0;0;0;0;0;0;0;0;0;0;1;0;0;0;0
"09/03/2024";"07:22:00";"31";"Com vítima";"1119,90";"BR-230/PA";"Crescente";"Capotamento";0;0;0;0;0;0;0;0;0;0;0;2;0;0;0
"09/03/2024";"12:31:00";"93";"Com vítima";"340,622";"BR-163/PA";"Crescente";"Colisão transversal";0;0;0;0;0;0;0;0;0;0;1;2;0;2;0
"09/03/2024";"03:52:00";"113";"Sem vítima";"316,890";"BR-163/PA";"Crescente";"Colisão transversal";0;0;0;0;0;0;0;0;0;0;6;0;0;0;0
"09/03/2024";"04:09:00";"116";"Sem vítima";"865,949";"BR-163/MT";"Decrescente";"Colisão lateral no mesmo sentido";0;0;0;0;0;0;0;0;0;0;1;0;0;0;0
"10/03/2024";"12:37:00";"9";"Com vítima";"105,150";"BR-163/PA";"Crescente";"Tombamento";0;0;0;0;0;0;0;0;0;0;0;1;0;0;0
"10/03/2024";"02:15:00";"14";"Sem vítima";"29,608";"BR-163/PA";"Crescente";"Saída de pista";0;0;0;0;0;0;0;0;0;0;1;0;0;0;0
"10/03/2024";"04:06:00";"16";"Sem vítima";"1050,17";"BR-163/MT";"Crescente";"Saída de pista";0;0;0;0;0;0;0;0;0;0;1;0;0;0;0
"10/03/2024";"01:06:00";"92";"Com vítima";"224,395";"BR-163/PA";"Crescente";"Colisão frontal";0;0;0;0;0;0;0;0;0;0;0;2;0;0;0
"10/03/2024";"03:39:00";"115";"Com vítima";"864,120";"BR-163/MT";"Crescente";"Colisão lateral no mesmo sentido";0;0;0;0;0;0;0;0;0;0;6;0;0;1;0
"10/03/2024";"06:58:00";"136";"Sem vítima";"889,139";"BR-163/MT";"Decrescente";"Saída de pista";0;0;0;0;0;0;0;0;0;0;3;0;0;0;0
"10/03/2024";"10:32:00";"159";"Com vítima";"959,000";"BR-163/MT";"Crescente";"Colisão traseira";0;0;0;0;0;0;0;0;0;0;0;1;0;0;0
"11/03/2024";"12:16:00";"3";"Com vítima";"1041,28";"BR-163/MT";"Crescente";"Tombamento";0;0;0;0;0;0;0;0;0;0;0;1;0;0;0
"11/03/2024";"04:15:00";"82";"Sem vítima";"416,973";"BR-163/PA";"Decrescente";"Saída de pista";0;0;0;0;0;0;0;0;0;0;1;0;0;0;0
"11/03/2024";"05:00:00";"84";"Sem vítima";"233,000";"BR-163/PA";"Crescente";"Saída de pista";0;0;0;0;0;0;0;0;0;0;1;0;0;0;0
"11/03/2024";"05:00:00";"84";"Sem vítima";"233,619";"BR-163/PA";"Decrescente";"Saída de pista";0;0;0;0;0;0;0;0;0;0;1;0;0;0;0
"12/03/2024";"10:03:00";"169";"Com vítima";"518,691";"BR-163/PA";"Crescente";"Colisão frontal";0;0;0;0;0;0;0;0;0;0;1;0;0;0;1
"12/03/2024";"10:27:00";"173";"Sem vítima";"1086,00";"BR-163/MT";"Crescente";"Colisão lateral no mesmo sentido";0;0;0;0;0;0;0;0;0;0;2;0;0;0;0
"12/03/2024";"03:30:00";"214";"Com vítima";"518,691";"BR-163/PA";"Crescente";"Colisão lateral no mesmo sentido";0;0;0;0;0;0;0;0;0;0;0;3;0;0;0
"12/03/2024";"04:15:00";"216";"Com vítima";"310,212";"BR-163/PA";"Decrescente";"Colisão transversal";0;0;0;0;0;0;0;0;0;0;1;2;0;0;0
"12/03/2024";"05:27:00";"200";"Com vítima";"505,627";"BR-163/PA";"Decrescente";"Saída de pista";0;0;0;0;0;0;0;0;0;0;0;0;1;0;0
"13/03/2024";"03:05:00";"185";"Com vítima";"1116,44";"BR-230/PA";"Decrescente";"Colisão frontal";0;0;0;0;0;0;0;0;0;0;2;0;0;0;2
"13/03/2024";"11:10:00";"215";"Sem vítima";"132,755";"BR-163/PA";"Decrescente";"Tombamento";0;0;0;0;0;0;0;0;0;0;1;0;0;0;0
"14/03/2024";"07:19:00";"92";"Com vítima";"440,850";"BR-163/PA";"Crescente";"Choque";0;0;0;0;0;0;0;0;0;0;0;1;0;0;0
"14/03/2024";"08:16:00";"107";"Com vítima";"104,034";"BR-163/PA";"Decrescente";"Tombamento";0;0;0;0;0;0;0;0;0;0;0;0;1;0;0
"14/03/2024";"11:53:00";"146";"Com vítima";"1051,01";"BR-163/MT";"Crescente";"Colisão lateral no mesmo sentido";0;0;0;0;0;0;0;0;0;0;0;1;0;0;0
"14/03/2024";"12:22:00";"148";"Sem vítima";"955,000";"BR-163/MT";"Decrescente";"Colisão lateral no mesmo sentido";0;0;0;0;0;0;0;0;0;0;1;0;0;0;0
"15/03/2024";"08:03:00";"100";"Com vítima";"1031,01";"BR-163/MT";"Decrescente";"Queda de moto";0;0;0;0;0;0;0;0;0;0;0;1;0;0;0
"15/03/2024";"09:51:00";"133";"Sem vítima";"1030,52";"BR-163/MT";"Decrescente";"Colisão transversal";0;0;0;0;0;0;0;0;0;0;2;0;0;0;0
"15/03/2024";"02:29:00";"169";"Com vítima";"1019,85";"BR-163/MT";"Crescente";"Tombamento";0;0;0;0;0;0;0;0;0;0;0;1;0;0;0
"16/03/2024";"05:57:00";"13";"Com vítima";"174,122";"BR-163/PA";"Crescente";"Colisão lateral no mesmo sentido";0;0;0;0;0;0;0;0;0;0;1;1;0;0;0
"16/03/2024";"07:30:00";"31";"Sem vítima";"34,683";"BR-163/PA";"Crescente";"Colisão lateral no mesmo sentido";0;0;0;0;0;0;0;0;0;0;2;0;0;0;0
"16/03/2024";"09:14:00";"64";"Com vítima";"652,000";"BR-163/PA";"Crescente";"Saída de pista";0;0;0;0;0;0;0;0;0;0;0;4;0;0;0
"16/03/2024";"10:25:00";"74";"Sem vítima";"43,729";"BR-163/PA";"Crescente";"Saída de pista";0;0;0;0;0;0;0;0;0;0;1;0;0;0;0
"16/03/2024";"02:43:00";"108";"Com vítima";"342,030";"BR-163/PA";"Decrescente";"Saída de pista";0;0;0;0;0;0;0;0;0;0;0;2;0;0;0
"16/03/2024";"05:27:00";"130";"Sem vítima";"671,020";"BR-163/PA";"Crescente";"Colisão frontal";0;0;0;0;0;0;0;0;0;0;4;0;0;0;0
"16/03/2024";"05:53:00";"131";"Sem vítima";"1049,85";"BR-163/MT";"Crescente";"Saída de pista";0;0;0;0;0;0;0;0;0;0;1;0;0;0;0
"18/03/2024";"07:13:00";"224";"Sem vítima";"1005,64";"BR-163/MT";"Crescente";"Atropelamento de animal";0;0;0;0;0;0;0;0;0;0;2;0;0;0;0
"19/03/2024";"06:28:00";"73";"Com vítima";"1108,65";"BR-163/MT";"Crescente";"Tombamento";0;0;0;0;0;0;0;0;0;0;0;0;0;0;1
"19/03/2024";"08:06:00";"92";"Sem vítima";"625,419";"BR-163/PA";"Crescente";"Choque";0;0;0;0;0;0;0;0;0;0;2;0;0;0;0
"19/03/2024";"09:19:00";"99";"Com vítima";"617,898";"BR-163/PA";"Crescente";"Tombamento";0;0;0;0;0;0;0;0;0;0;0;1;0;0;0
"19/03/2024";"04:32:00";"162";"Sem vítima";"906,108";"BR-163/MT";"Decrescente";"Saída de pista";0;0;0;0;0;0;0;0;0;0;2;0;0;0;0
"20/03/2024";"11:17:00";"202";"Com vítima";"125,976";"BR-163/PA";"Crescente";"Queda de moto";0;0;0;0;0;0;0;0;0;0;0;0;1;0;0
"21/03/2024";"12:51:00";"21";"Com vítima";"1117,90";"BR-230/PA";"Decrescente";"Tombamento";0;0;0;0;0;0;0;0;0;0;0;2;0;0;0
"21/03/2024";"10:22:00";"119";"Sem vítima";"653,000";"BR-163/PA";"Crescente";"Tombamento";0;0;0;0;0;0;0;0;0;0;2;0;0;0;0
"21/03/2024";"05:05:00";"174";"Sem vítima";"58,582";"BR-163/PA";"Crescente";"Saída de pista";0;0;0;0;0;0;0;0;0;0;3;0;0;0;0
"22/03/2024";"12:00:00";"112";"Com vítima";"1029,04";"BR-163/MT";"Decrescente";"Colisão lateral no mesmo sentido";0;0;0;0;0;0;0;0;0;0;2;1;0;0;0
"22/03/2024";"01:07:00";"7";"Com vítima";"311,749";"BR-163/PA";"Crescente";"Atropelamento de pedestre";0;0;0;0;0;0;0;0;0;0;0;0;0;0;0
"22/03/2024";"07:42:00";"81";"Com vítima";"648,346";"BR-163/PA";"Crescente";"Colisão traseira";0;0;0;0;0;0;0;0;0;0;0;1;0;0;0
"22/03/2024";"12:57:00";"143";"Sem vítima";"854,797";"BR-163/MT";"Decrescente";"Colisão transversal";0;0;0;0;0;0;0;0;0;0;4;0;0;0;0
"22/03/2024";"02:36:00";"159";"Com vítima";"547,300";"BR-163/PA";"Crescente";"Tombamento";0;0;0;0;0;0;0;0;0;0;0;1;0;0;0
"22/03/2024";"07:13:00";"186";"Sem vítima";"389,295";"BR-163/PA";"Crescente";"Saída de pista";0;0;0;0;0;0;0;0;0;0;1;0;0;0;0
"22/03/2024";"08:19:00";"195";"Sem vítima";"901,464";"BR-163/MT";"Crescente";"Atropelamento de animal";0;0;0;0;0;0;0;0;0;0;8;0;0;0;0
"23/03/2024";"06:03:00";"24";"Com vítima";"1110,48";"BR-163/MT";"Crescente";"Saída de pista";0;0;0;0;0;0;0;0;0;0;0;1;0;0;0
"23/03/2024";"10:50:00";"92";"Sem vítima";"1064,00";"BR-163/MT";"Decrescente";"Colisão transversal";0;0;0;0;0;0;0;0;0;0;1;0;0;0;0
"23/03/2024";"03:16:00";"119";"Sem vítima";"1060,00";"BR-163/MT";"Decrescente";"Colisão frontal";0;0;0;0;0;0;0;0;0;0;0;0;0;0;0
"23/03/2024";"03:29:00";"121";"Com vítima";"547,000";"BR-163/PA";"Crescente";"Colisão traseira";0;0;0;0;0;0;0;0;0;0;1;1;0;0;0