data;horario;n_da_ocorrencia;tipo_de_ocorrencia;km;trecho;sentido;tipo_de_acidente;automovel;bicicleta;caminhao;moto;onibus;outros;tracao_animal;transporte_de_cargas_especiais;trator_maquinas;utilitarios;ilesos;levemente_feridos;moderadamente_feridos;gravemente_feridos;mortos
"23/03/2024";"04:17:00";"126";"Com vítima";"165,344";"BR-163/PA";"Decrescente";"Saída de pista";0;0;0;0;0;0;0;0;0;0;0;1;0;0;0
"24/03/2024";"02:29:00";"7";"Com vítima";"577,132";"BR-163/PA";"Crescente";"Saída de pista";0;0;0;0;0;0;0;0;0;0;1;1;0;0;0
"24/03/2024";"04:17:00";"10";"Com vítima";"477,200";"BR-163/PA";"Crescente";"Colisão traseira";0;0;0;0;0;0;0;0;0;0;1;1;0;0;0
"24/03/2024";"10:55:00";"82";"Com vítima";"622,400";"BR-163/PA";"Crescente";"Tombamento";0;0;0;0;0;0;0;0;0;0;0;1;0;0;0
"24/03/2024";"11:09:00";"84";"Com vítima";"413,843";"BR-163/PA";"Crescente";"Saída de pista";0;0;0;0;0;0;0;0;0;0;0;1;0;0;0
"24/03/2024";"03:16:00";"114";"Com vítima";"513,690";"BR-163/PA";"Crescente";"Tombamento";0;0;0;0;0;0;0;0;0;0;0;1;0;0;0
"24/03/2024";"06:35:00";"130";"Com vítima";"362,545";"BR-163/PA";"Crescente";"Colisão lateral no mesmo sentido";0;0;0;0;0;0;0;0;0;0;2;1;0;0;0
"24/03/2024";"09:27:00";"140";"Com vítima";"1029,68";"BR-163/MT";"Crescente";"Colisão lateral no mesmo sentido";0;0;0;0;0;0;0;0;0;0;1;1;0;0;0
"24/03/2024";"10:56:00";"144";"Sem vítima";"1113,25";"BR-230/PA";"Decrescente";"Saída de pista";0;0;0;0;0;0;0;0;0;0;2;0;0;0;0
"25/03/2024";"07:46:00";"71";"Com vítima";"537,300";"BR-163/PA";"Crescente";"Tombamento";0;0;0;0;0;0;0;0;0;0;0;1;0;0;0
"25/03/2024";"09:05:00";"93";"Sem vítima";"629,407";"BR-163/PA";"Crescente";"Saída de pista";0;0;0;0;0;0;0;0;0;0;1;0;0;0;0
"25/03/2024";"07:09:00";"176";"Com vítima";"985,168";"BR-163/MT";"Decrescente";"Colisão frontal";0;0;0;0;0;0;0;0;0;0;0;0;0;0;2
"26/03/2024";"06:10:00";"71";"Com vítima";"494,457";"BR-163/PA";"Crescente";"Tombamento";0;0;0;0;0;0;0;0;0;0;0;11;9;3;3
"26/03/2024";"02:36:00";"147";"Sem vítima";"206,545";"BR-163/PA";"Crescente";"Colisão traseira";0;0;0;0;0;0;0;0;0;0;1;0;0;0;0
"27/03/2024";"08:51:00";"104";"Sem vítima";"1063,15";"BR-163/MT";"Crescente";"Colisão traseira";0;0;0;0;0;0;0;0;0;0;2;0;0;0;0
"28/03/2024";"12:08:00";"153";"Com vítima";"423,368";"BR-163/PA";"Crescente";"Tombamento";0;0;0;0;0;0;0;0;0;0;0;1;0;0;0
"28/03/2024";"11:47:00";"223";"Sem vítima";"1092,17";"BR-163/MT";"Decrescente";"Atropelamento de animal";0;0;0;0;0;0;0;0;0;0;10;0;0;0;0
"29/03/2024";"04:40:00";"39";"Sem vítima";"228,663";"BR-163/PA";"Crescente";"Atropelamento de animal";0;0;0;0;0;0;0;0;0;0;1;0;0;0;0
"30/03/2024";"01:33:00";"89";"Com vítima";"298,664";"BR-163/PA";"Crescente";"Saída de pista";0;0;0;0;0;0;0;0;0;0;1;5;0;0;0
"30/03/2024";"04:36:00";"110";"Com vítima";"104,166";"BR-163/PA";"Crescente";"Choque";0;0;0;0;0;0;0;0;0;0;0;2;0;0;0
"30/03/2024";"06:07:00";"118";"Sem vítima";"882,626";"BR-163/MT";"Crescente";"Tombamento";0;0;0;0;0;0;0;0;0;0;2;0;0;0;0
"30/03/2024";"08:01:00";"121";"Sem vítima";"101,825";"BR-163/PA";"Crescente";"Saída de pista";0;0;0;0;0;0;0;0;0;0;1;0;0;0;0
"31/03/2024";"04:27:00";"26";"Sem vítima";"949,877";"BR-163/MT";"Decrescente";"Choque";0;0;0;0;0;0;0;0;0;0;1;0;0;0;0
"31/03/2024";"07:30:00";"39";"Com vítima";"1051,17";"BR-163/MT";"Crescente";"Saída de pista";0;0;0;0;0;0;0;0;0;0;0;3;0;0;0
"31/03/2024";"06:50:00";"124";"Com vítima";"283,764";"BR-163/PA";"Crescente";"Queda de moto";0;0;0;0;0;0;0;0;0;0;0;0;1;0;0
"01/04/2024";"03:50:00";"58";"Com vítima";"1041,00";"BR-163/MT";"Crescente";"Colisão traseira";0;0;1;1;0;0;0;0;0;0;0;0;0;0;1
"01/04/2024";"08:13:00";"80";"Com vítima";"1113,12";"BR-230/PA";"Decrescente";"Tombamento";0;0;1;0;0;0;0;0;0;0;0;2;0;0;0
"01/04/2024";"11:26:00";"84";"Sem vítima";"1064,09";"BR-163/MT";"Decrescente";"Saída de pista";0;0;1;0;0;0;0;0;0;0;1;0;0;0;0
"01/04/2024";"01:42:00";"132";"Sem vítima";"209,572";"BR-163/PA";"Decrescente";"Choque";0;0;1;0;0;0;0;0;0;0;1;0;0;0;0
"01/04/2024";"04:53:00";"140";"Sem vítima";"1033,00";"BR-163/MT";"Decrescente";"Colisão traseira";0;0;2;0;0;0;0;0;0;0;1;0;0;0;0
"02/04/2024";"10:29:00";"127";"Sem vítima";"1103,75";"BR-163/MT";"Crescente";"Colisão lateral no mesmo sentido";0;0;2;0;0;0;0;0;0;0;2;0;0;0;0
"03/04/2024";"09:29:00";"58";"Sem vítima";"1026,78";"BR-163/MT";"Crescente";"Colisão traseira";0;0;2;0;0;0;0;0;0;0;2;0;0;0;0
"03/04/2024";"11:36:00";"163";"Com vítima";"241,470";"BR-163/PA";"Crescente";"Tombamento";0;0;1;0;0;0;0;0;0;0;0;1;0;0;0
"03/04/2024";"01:00:00";"172";"Sem vítima";"946,000";"BR-163/MT";"Decrescente";"Colisão lateral no mesmo sentido";0;0;2;0;0;0;0;0;0;0;2;0;0;0;0
"04/04/2024";"09:35:00";"99";"Sem vítima";"104,797";"BR-163/PA";"Crescente";"Tombamento";0;0;1;0;0;0;0;0;0;0;1;0;0;0;0
"04/04/2024";"11:31:00";"111";"Com vítima";"286,313";"BR-163/PA";"Decrescente";"Colisão lateral no mesmo sentido";0;0;2;0;0;0;0;0;0;0;0;0;0;0;1
"04/04/2024";"05:12:00";"130";"Com vítima";"887,510";"BR-163/MT";"Crescente";"Tombamento";0;0;1;0;0;0;0;0;0;0;0;1;0;0;0
"05/04/2024";"12:27:00";"15";"Com vítima";"1113,15";"BR-230/PA";"Crescente";"Saída de pista";0;0;1;0;0;0;0;0;0;0;0;2;0;0;0
"05/04/2024";"06:19:00";"98";"Sem vítima";"288,490";"BR-163/PA";"Crescente";"Saída de pista";0;0;0;0;0;0;0;0;0;1;1;0;0;0;0
"05/04/2024";"03:16:00";"197";"Com vítima";"263,833";"BR-163/PA";"Crescente";"Tombamento";0;0;1;0;0;0;0;0;0;0;0;2;0;0;0
"05/04/2024";"08:21:00";"226";"Com vítima";"460,709";"BR-163/PA";"Crescente";"Colisão lateral no mesmo sentido";0;0;2;0;0;0;0;0;0;0;0;2;1;0;2
"05/04/2024";"09:15:00";"231";"Com vítima";"668,395";"BR-163/PA";"Decrescente";"Queda de moto";0;0;0;1;0;0;0;0;0;0;0;1;0;0;0
"06/04/2024";"12:00:00";"93";"Com vítima";"49,963";"BR-163/PA";"Crescente";"Saída de pista";1;0;0;0;0;0;0;0;0;0;0;1;0;0;0
"06/04/2024";"07:41:00";"97";"Com vítima";"104,500";"BR-163/PA";"Crescente";"Colisão lateral no mesmo sentido";0;0;2;0;0;0;0;0;0;0;1;0;1;0;0
"06/04/2024";"11:46:00";"112";"Com vítima";"911,880";"BR-163/MT";"Crescente";"Colisão traseira";1;0;0;0;0;0;0;0;0;1;0;0;4;0;0
"07/04/2024";"01:09:00";"3";"Com vítima";"1067,07";"BR-163/MT";"Crescente";"Colisão lateral no mesmo sentido";0;0;1;0;0;0;0;0;0;1;1;1;0;0;0
"07/04/2024";"04:25:00";"11";"Sem vítima";"311,420";"BR-163/PA";"Crescente";"Saída de pista";1;0;0;0;0;0;0;0;0;0;1;0;0;0;0
"07/04/2024";"06:46:00";"133";"Sem vítima";"898,326";"BR-163/MT";"Decrescente";"Saída de pista";1;0;0;0;0;0;0;0;0;0;2;0;0;0;0
"08/04/2024";"12:20:00";"141";"Com vítima";"1027,41";"BR-163/MT";"Decrescente";"Choque";1;0;0;0;0;0;0;0;0;0;0;1;0;0;0
"08/04/2024";"07:39:00";"193";"Com vítima";"402,251";"BR-163/PA";"Crescente";"Queda de moto";0;0;0;1;0;0;0;0;0;0;0;2;0;0;0
"09/04/2024";"10:00:00";"143";"Sem vítima";"1126,22";"BR-230/PA";"Decrescente";"Colisão lateral no mesmo sentido";0;0;1;0;0;0;0;0;0;0;1;0;0;0;0
"09/04/2024";"12:46:00";"161";"Com vítima";"310,800";"BR-163/PA";"Crescente";"Colisão frontal";1;0;0;1;0;0;0;0;0;0;0;2;0;0;0
"09/04/2024";"06:06:00";"188";"Com vítima";"1038,10";"BR-163/MT";"Crescente";"Colisão traseira";1;0;0;1;0;0;0;0;0;0;1;1;0;0;0
"10/04/2024";"01:48:00";"138";"Sem vítima";"944,075";"BR-163/MT";"Crescente";"Saída de pista";0;0;1;0;0;0;0;0;0;0;1;0;0;0;0
"10/04/2024";"03:14:00";"148";"Com vítima";"1080,52";"BR-163/MT";"Crescente";"Capotamento";0;0;0;0;0;0;0;0;0;1;0;1;0;0;0
"10/04/2024";"03:48:00";"154";"Sem vítima";"559,000";"BR-163/PA";"Decrescente";"Colisão traseira";0;0;2;0;0;0;0;0;0;0;1;0;0;0;0
"11/04/2024";"07:58:00";"251";"Com vítima";"570,000";"BR-163/PA";"Crescente";"Colisão traseira";0;0;2;0;0;0;0;0;0;0;0;2;0;0;0
"11/04/2024";"08:29:00";"255";"Sem vítima";"1039,47";"BR-163/MT";"Decrescente";"Colisão traseira";1;0;0;0;0;0;0;0;0;0;2;0;0;0;0
"11/04/2024";"09:47:00";"261";"Com vítima";"432,973";"BR-163/PA";"Crescente";"Tombamento";0;0;1;0;0;0;0;0;0;0;0;0;1;0;0
"12/04/2024";"11:14:00";"115";"Com vítima";"1002,41";"BR-163/MT";"Crescente";"Colisão transversal";0;0;0;1;0;0;0;0;0;1;1;0;0;0;1
"12/04/2024";"07:15:00";"166";"Sem vítima";"1113,98";"BR-230/PA";"Decrescente";"Saída de pista";0;0;1;0;0;0;0;0;0;0;2;0;0;0;0
"13/04/2024";"07:25:00";"49";"Sem vítima";"928,634";"BR-163/MT";"Crescente";"Colisão frontal";1;0;1;0;0;0;0;0;0;0;3;0;0;0;0
"13/04/2024";"10:06:00";"157";"Com vítima";"1066,72";"BR-163/MT";"Crescente";"Colisão frontal";0;0;0;1;0;0;0;0;0;0;0;0;0;0;1
"14/04/2024";"04:10:00";"15";"Com vítima";"909,553";"BR-163/MT";"Decrescente";"Capotamento";1;0;0;0;0;0;0;0;0;0;0;0;2;0;1
"14/04/2024";"08:23:00";"133";"Com vítima";"1063,13";"BR-163/MT";"Decrescente";"Colisão traseira";0;0;0;1;0;0;0;0;0;0;0;1;0;0;0
"15/04/2024";"01:57:00";"9";"Com vítima";"1059,01";"BR-163/MT";"Crescente";"Saída de pista";0;0;0;0;0;0;0;0;0;1;1;1;0;0;0
"15/04/2024";"03:30:00";"223";"Sem vítima";"953,400";"BR-163/MT";"Crescente";"Saída de pista";0;0;0;0;0;0;0;0;0;1;2;0;0;0;0
"15/04/2024";"04:03:00";"244";"Sem vítima";"63,200";"BR-163/PA";"Crescente";"Colisão transversal";0;0;2;0;0;0;0;0;0;0;2;0;0;0;0
"16/04/2024";"06:45:00";"62";"Sem vítima";"924,000";"BR-163/MT";"Decrescente";"Colisão traseira";0;0;1;0;0;0;0;0;0;0;1;0;0;0;0
"16/04/2024";"02:21:00";"117";"Sem vítima";"935,780";"BR-163/MT";"Decrescente";"Capotamento";1;0;0;0;0;0;0;0;0;0;2;0;0;0;0
"17/04/2024";"07:24:00";"86";"Com vítima";"513,250";"BR-163/PA";"Decrescente";"Tombamento";0;0;1;0;0;0;0;0;0;0;0;0;1;0;0
"17/04/2024";"07:49:00";"92";"Com vítima";"362,145";"BR-163/PA";"Crescente";"Colisão transversal";0;0;2;0;0;0;0;0;0;0;0;0;1;0;1
"18/04/2024";"05:42:00";"67";"Com vítima";"938,600";"BR-163/MT";"Crescente";"Tombamento";0;0;2;0;0;0;0;0;0;0;0;2;0;0;0
"18/04/2024";"05:54:00";"69";"Com vítima";"605,279";"BR-163/PA";"Crescente";"Colisão transversal";1;0;0;0;0;0;0;0;0;1;0;3;0;0;0
"18/04/2024";"07:41:00";"90";"Sem vítima";"1111,08";"BR-230/PA";"Decrescente";"Tombamento";0;0;1;0;0;0;0;0;0;0;0;0;0;0;0
"18/04/2024";"07:42:00";"91";"Sem vítima";"14,000";"BR-163/PA";"Decrescente";"Tombamento";0;0;1;0;0;0;0;0;0;0;0;0;0;0;0
"18/04/2024";"10:34:00";"128";"Com vítima";"1120,59";"BR-230/PA";"Crescente";"Queda de moto";0;0;0;1;0;0;0;0;0;0;0;2;0;0;0
"18/04/2024";"10:50:00";"131";"Com vítima";"931,747";"BR-163/MT";"Crescente";"Tombamento";1;0;0;0;0;0;0;0;0;0;0;1;0;0;0
"18/04/2024";"03:54:00";"162";"Sem vítima";"915,000";"BR-163/MT";"Crescente";"Tombamento";1;0;0;0;0;0;0;0;0;0;0;0;0;0;0
"19/04/2024";"01:57:00";"202";"Com vítima";"257,500";"BR-163/PA";"Crescente";"Colisão frontal";0;0;2;0;0;0;0;0;0;0;0;0;3;0;0
"19/04/2024";"05:38:00";"221";"Sem vítima";"423,571";"BR-163/PA";"Crescente";"Saída de pista";0;0;1;0;0;0;0;0;0;0;1;0;0;0;0
"19/04/2024";"06:59:00";"227";"Com vítima";"1103,00";"BR-230/PA";"Decrescente";"Colisão lateral no mesmo sentido";0;0;0;0;0;0;0;0;0;1;2;2;0;0;0
"20/04/2024";"03:32:00";"10";"Sem vítima";"1096,00";"BR-230/PA";"Decrescente";"Colisão traseira";0;0;2;0;0;0;0;0;0;0;4;0;0;0;0
"20/04/2024";"12:44:00";"66";"Sem vítima";"1038,00";"BR-163/MT";"Crescente";"Colisão lateral no mesmo sentido";1;0;1;0;0;0;0;0;0;0;3;0;0;0;0
"20/04/2024";"07:14:00";"124";"Com vítima";"397,405";"BR-163/PA";"Decrescente";"Colisão lateral no mesmo sentido";0;0;0;1;0;0;0;0;0;0;0;1;0;0;0
"20/04/2024";"07:26:00";"125";"Sem vítima";"1008,49";"BR-163/MT";"Crescente";"Atropelamento de animal";1;0;0;0;0;0;0;0;0;0;6;0;0;0;0
"21/04/2024";"06:46:00";"41";"Sem vítima";"1112,59";"BR-230/PA";"Crescente";"Saída de pista";0;0;1;0;0;0;0;0;0;0;2;0;0;0;0
"21/04/2024";"03:06:00";"127";"Sem vítima";"642,257";"BR-163/PA";"Crescente";"Colisão lateral no mesmo sentido";0;0;2;0;0;0;0;0;0;0;2;0;0;0;0
"21/04/2024";"03:56:00";"136";"Com vítima";"620,958";"BR-163/PA";"Decrescente";"Saída de pista";0;0;0;0;0;0;0;0;0;1;0;1;0;0;0
"21/04/2024";"06:18:00";"144";"Sem vítima";"1066,18";"BR-163/MT";"Crescente";"Colisão lateral no mesmo sentido";2;0;0;0;0;0;0;0;0;0;2;0;0;0;0
"22/04/2024";"04:37:00";"173";"Com vítima";"977,000";"BR-163/MT";"Decrescente";"Capotamento";0;0;0;0;0;0;0;0;0;1;0;1;0;0;0
"23/04/2024";"05:32:00";"66";"Sem vítima";"1123,05";"BR-230/PA";"Crescente";"Saída de pista";0;0;1;0;0;0;0;0;0;0;2;0;0;0;0
"23/04/2024";"06:44:00";"75";"Sem vítima";"909,663";"BR-163/MT";"Crescente";"Tombamento";0;0;1;0;0;0;0;0;0;0;1;0;0;0;0
"23/04/2024";"08:49:00";"122";"Com vítima";"910,642";"BR-163/MT";"Crescente";"Colisão lateral no mesmo sentido";0;0;2;0;0;0;0;0;0;0;0;4;0;0;0
"23/04/2024";"12:40:00";"189";"Com vítima";"1113,25";"BR-230/PA";"Decrescente";"Tombamento";0;0;1;0;0;0;0;0;0;0;0;2;0;0;0
"23/04/2024";"01:18:00";"191";"Sem vítima";"419,555";"BR-163/PA";"Decrescente";"Saída de pista";1;0;0;0;0;0;0;0;0;0;2;0;0;0;0
"23/04/2024";"06:04:00";"225";"Sem vítima";"1066,00";"BR-163/MT";"Crescente";"Colisão transversal";0;0;0;0;0;0;0;0;0;2;2;0;0;0;0
"23/04/2024";"07:47:00";"238";"Com vítima";"617,000";"BR-163/PA";"Crescente";"Saída de pista";0;0;1;0;0;0;0;0;0;0;0;2;0;0;0
"23/04/2024";"08:32:00";"241";"Sem vítima";"153,160";"BR-163/PA";"Decrescente";"Saída de pista";0;0;1;0;0;0;0;0;0;0;1;0;0;0;0
"24/04/2024";"01:00:00";"146";"Com vítima";"1110,46";"BR-163/MT";"Crescente";"Capotamento";0;0;1;0;0;0;0;0;0;0;0;0;0;0;1
"24/04/2024";"03:29:00";"158";"Sem vítima";"1126,00";"BR-230/PA";"Crescente";"Capotamento";0;0;1;0;0;0;0;0;0;0;2;0;0;0;0
"25/04/2024";"04:34:00";"205";"Com vítima";"516,050";"BR-163/PA";"Crescente";"Saída de pista";0;0;0;1;0;0;0;0;0;0;0;1;0;0;0
"25/04/2024";"05:23:00";"210";"Sem vítima";"948,197";"BR-163/MT";"Decrescente";"Saída de pista";0;0;1;0;0;0;0;0;0;0;1;0;0;0;0
"25/04/2024";"06:02:00";"214";"Sem vítima";"23,000";"BR-163/PA";"Crescente";"Tombamento";0;0;1;0;0;0;0;0;0;0;1;0;0;0;0
"25/04/2024";"09:56:00";"231";"Sem vítima";"1101,16";"BR-230/PA";"Crescente";"Capotamento";0;0;0;0;0;0;0;0;0;1;2;0;0;0;0
"26/04/2024";"09:02:00";"144";"Com vítima";"237,927";"BR-163/PA";"Crescente";"Queda de moto";0;0;0;1;0;0;0;0;0;0;0;1;0;0;0
"26/04/2024";"12:48:00";"172";"Sem vítima";"451,000";"BR-163/PA";"Decrescente";"Colisão traseira";0;0;2;0;0;0;0;0;0;0;2;0;0;0;0
"26/04/2024";"03:59:00";"185";"Com vítima";"104,045";"BR-163/PA";"Decrescente";"Capotamento";1;0;0;0;0;0;0;0;0;0;0;1;0;0;0
"27/04/2024";"07:31:00";"210";"Com vítima";"856,000";"BR-163/MT";"Crescente";"Colisão traseira";0;0;3;0;0;0;0;0;0;0;0;3;0;0;0
"27/04/2024";"10:56:00";"224";"Com vítima";"14,079";"BR-163/PA";"Crescente";"Colisão traseira";0;0;2;0;0;0;0;0;0;0;0;2;0;0;0
"28/04/2024";"09:35:00";"92";"Sem vítima";"1063,00";"BR-163/MT";"Decrescente";"Colisão traseira";0;0;1;0;0;0;0;0;0;1;2;0;0;0;0
"28/04/2024";"02:06:00";"130";"Com vítima";"648,000";"BR-163/PA";"Decrescente";"Saída de pista";0;0;1;0;0;0;0;0;0;0;0;1;0;0;0
"28/04/2024";"05:06:00";"144";"Sem vítima";"1064,00";"BR-163/MT";"Crescente";"Colisão traseira";0;0;0;1;0;0;0;0;0;1;0;0;0;0;0
"29/04/2024";"03:47:00";"60";"Com vítima";"1103,64";"BR-230/PA";"Decrescente";"Colisão lateral no mesmo sentido";0;0;2;0;0;1;0;0;0;0;2;2;0;0;0
"29/04/2024";"10:27:00";"143";"Sem vítima";"43,000";"BR-163/PA";"Crescente";"Saída de pista";0;0;1;0;0;0;0;0;0;0;1;0;0;0;0
"30/04/2024";"09:21:00";"90";"Sem vítima";"309,000";"BR-163/PA";"Crescente";"Colisão frontal";0;0;0;0;1;0;0;0;0;0;1;0;0;0;0
"30/04/2024";"01:48:00";"176";"Sem vítima";"575,000";"BR-163/PA";"Decrescente";"Colisão lateral no mesmo sentido";0;0;2;0;0;0;0;0;0;0;2;0;0;0;0
"30/04/2024";"02:59:00";"185";"Sem vítima";"301,000";"BR-163/PA";"Crescente";"Colisão lateral no mesmo sentido";0;0;1;0;0;0;0;0;0;1;3;0;0;0;0
"30/04/2024";"06:32:00";"206";"Com vítima";"914,000";"BR-163/MT";"Crescente";"Queda de moto";0;0;0;1;0;0;0;0;0;0;0;1;0;0;0
"30/04/2024";"06:34:00";"207";"Com vítima";"992,325";"BR-163/MT";"Crescente";"Colisão traseira";0;0;1;1;0;0;0;0;0;0;1;1;0;0;0
"01/05/2024";"04:23:00";"47";"Com vítima";"226,166";"BR-163/PA";"Crescente";"Saída de pista";0;0;0;0;0;0;0;0;0;1;0;1;0;0;0
"01/05/2024";"10:08:00";"113";"Sem vítima";"652,585";"BR-163/PA";"Crescente";"Tombamento";0;0;1;0;0;0;0;0;0;0;2;0;0;0;0
"01/05/2024";"03:49:00";"156";"Com vítima";"916,000";"BR-163/MT";"Decrescente";"Colisão traseira";1;0;1;0;0;0;0;0;0;0;1;3;0;0;0
"01/05/2024";"05:04:00";"165";"Com vítima";"1005,25";"BR-163/MT";"Decrescente";"Colisão frontal";0;0;1;0;0;0;0;0;0;1;0;2;0;1;2
"01/05/2024";"07:16:00";"179";"Com vítima";"1113,58";"BR-230/PA";"Decrescente";"Capotamento";0;0;0;0;0;0;0;0;0;1;0;2;0;0;0
"01/05/2024";"08:17:00";"184";"Com vítima";"1068,08";"BR-163/MT";"Crescente";"Colisão traseira";1;0;1;0;0;0;0;0;0;0;1;1;0;0;0
"01/05/2024";"10:46:00";"200";"Com vítima";"307,000";"BR-163/PA";"Decrescente";"Queda de moto";0;0;0;1;0;0;0;0;0;0;0;1;0;0;0
"01/05/2024";"10:51:00";"201";"Com vítima";"933,720";"BR-163/MT";"Crescente";"Capotamento";1;0;0;0;0;0;0;0;0;0;0;1;0;0;0
"03/05/2024";"02:58:00";"203";"Com vítima";"605,232";"BR-163/PA";"Crescente";"Colisão lateral no mesmo sentido";0;0;2;0;0;0;0;0;0;0;0;1;0;0;0
"03/05/2024";"04:12:00";"213";"Com vítima";"499,458";"BR-163/PA";"Decrescente";"Colisão frontal";0;0;2;0;0;0;0;0;0;0;0;1;0;0;1
"03/05/2024";"06:19:00";"222";"Com vítima";"1051,70";"BR-163/MT";"Decrescente";"Capotamento";0;0;0;0;0;0;0;0;0;1;0;1;0;0;0
"04/05/2024";"12:03:00";"106";"Sem vítima";"168,083";"BR-163/PA";"Crescente";"Colisão lateral no mesmo sentido";1;0;1;0;0;0;0;0;0;0;3;0;0;0;0
"04/05/2024";"12:36:00";"112";"Com vítima";"1028,71";"BR-163/MT";"Crescente";"Colisão frontal";0;0;0;1;0;0;0;0;0;1;0;2;0;0;0
"04/05/2024";"08:02:00";"173";"Com vítima";"948,000";"BR-163/MT";"Decrescente";"Saída de pista";0;0;1;0;0;0;0;0;0;0;0;1;0;0;0
"04/05/2024";"08:10:00";"175";"Com vítima";"82,174";"BR-163/PA";"Decrescente";"Colisão transversal";0;0;2;0;0;0;0;0;0;0;0;2;0;0;0
"05/05/2024";"12:00:00";"36";"Sem vítima";"577,678";"BR-163/PA";"Crescente";"Saída de pista";0;0;1;0;0;0;0;0;0;0;1;0;0;0;0
"05/05/2024";"05:34:00";"35";"Sem vítima";"312,290";"BR-163/PA";"Crescente";"Saída de pista";0;0;0;0;0;0;0;0;0;1;1;0;0;0;0
"05/05/2024";"09:46:00";"81";"Com vítima";"1043,10";"BR-163/MT";"Decrescente";"Capotamento";1;0;0;0;0;0;0;0;0;0;0;1;0;0;0
"05/05/2024";"03:21:00";"117";"Sem vítima";"934,677";"BR-163/MT";"Crescente";"Colisão lateral no mesmo sentido";0;0;1;0;0;0;0;0;0;0;1;0;0;0;0
"06/05/2024";"02:13:00";"35";"Sem vítima";"1113,05";"BR-230/PA";"Decrescente";"Saída de pista";0;0;1;0;0;0;0;0;0;0;2;0;0;0;0
"06/05/2024";"05:19:00";"87";"Sem vítima";"1039,32";"BR-163/MT";"Decrescente";"Saída de pista";1;0;0;0;0;0;0;0;0;0;1;0;0;0;0
"06/05/2024";"06:26:00";"91";"Sem vítima";"1037,00";"BR-163/MT";"Crescente";"Saída de pista";1;0;0;0;0;0;0;0;0;0;2;0;0;0;0
"06/05/2024";"07:08:00";"98";"Sem vítima";"179,000";"BR-163/PA";"Crescente";"Colisão lateral no mesmo sentido";0;0;2;0;0;0;0;0;0;0;2;0;0;0;0
"06/05/2024";"12:09:00";"160";"Sem vítima";"384,061";"BR-163/PA";"Decrescente";"Saída de pista";0;0;0;1;0;0;0;0;0;0;0;0;0;0;0
"06/05/2024";"05:07:00";"197";"Sem vítima";"1111,00";"BR-163/MT";"Crescente";"Carreta deu L";0;0;1;0;0;0;0;0;0;0;1;0;0;0;0
"06/05/2024";"09:32:00";"214";"Com vítima";"669,610";"BR-163/PA";"Decrescente";"Saída de pista";0;0;1;0;0;0;0;0;0;0;0;2;0;0;0
"07/05/2024";"10:09:00";"149";"Sem vítima";"930,872";"BR-163/MT";"Crescente";"Colisão traseira";0;0;1;0;0;0;0;0;0;1;2;0;0;0;0
"07/05/2024";"01:08:00";"178";"Sem vítima";"911,516";"BR-163/MT";"Crescente";"Colisão traseira";1;0;1;0;0;0;0;0;0;0;3;0;0;0;0
"07/05/2024";"08:12:00";"225";"Sem vítima";"987,142";"BR-163/MT";"Decrescente";"Colisão lateral no mesmo sentido";0;0;2;0;0;0;0;0;0;0;2;0;0;0;0
"08/05/2024";"01:01:00";"34";"Com vítima";"617,875";"BR-163/PA";"Crescente";"Tombamento";0;0;1;0;0;0;0;0;0;0;0;1;0;0;0
"09/05/2024";"01:33:00";"4";"Com vítima";"216,083";"BR-163/PA";"Crescente";"Atropelamento de animal";1;0;0;0;0;0;0;0;0;0;0;1;0;0;0
"09/05/2024";"08:04:00";"105";"Sem vítima";"566,000";"BR-163/PA";"Crescente";"Colisão lateral no mesmo sentido";1;0;0;0;0;0;0;0;0;0;0;0;0;0;0
"10/05/2024";"12:54:00";"57";"Com vítima";"339,351";"BR-163/PA";"Crescente";"Queda de moto";0;0;0;1;0;0;0;0;0;0;0;1;0;0;0
"10/05/2024";"09:42:00";"130";"Sem vítima";"103,873";"BR-163/PA";"Crescente";"Saída de pista";0;0;1;0;0;0;0;0;0;0;0;0;0;0;0