data;horario;n_da_ocorrencia;tipo_de_ocorrencia;km;trecho;sentido;tipo_de_acidente;automovel;bicicleta;caminhao;moto;onibus;outros;tracao_animal;transporte_de_cargas_especiais;trator_maquinas;utilitarios;ilesos;levemente_feridos;moderadamente_feridos;gravemente_feridos;mortos
"18/06/2024";"12:46:00";"180";"Com vítima";"158,532";"BR-163/PA";"Decrescente";"Colisão frontal";0;0;1;1;0;0;0;0;0;0;0;0;0;0;2
"18/06/2024";"11:40:00";"232";"Com vítima";"294,919";"BR-163/PA";"Crescente";"Colisão lateral no mesmo sentido";0;0;1;0;0;0;0;0;0;1;1;1;0;0;0
"19/06/2024";"06:38:00";"92";"Sem vítima";"932,000";"BR-163/MT";"Decrescente";"Colisão lateral no mesmo sentido";0;0;2;0;0;0;0;0;0;0;2;0;0;0;0
"20/06/2024";"12:53:00";"5";"Com vítima";"303,000";"BR-163/PA";"Decrescente";"Tombamento";0;0;1;0;0;0;0;0;0;1;4;1;0;0;0
"20/06/2024";"04:38:00";"24";"Com vítima";"1126,72";"BR-230/PA";"Decrescente";"Saída de pista";0;0;1;0;0;0;0;0;0;0;0;2;0;0;0
"20/06/2024";"06:44:00";"30";"Com vítima";"234,000";"BR-163/PA";"Crescente";"Colisão frontal";0;0;0;1;0;0;0;0;0;0;0;1;1;0;0
"20/06/2024";"07:45:00";"172";"Sem vítima";"907,393";"BR-163/MT";"Decrescente";"Atropelamento de animal";0;0;1;0;0;0;0;0;0;0;2;0;0;0;0
"20/06/2024";"10:03:00";"181";"Sem vítima";"241,058";"BR-163/PA";"Crescente";"Tombamento";0;0;1;0;0;0;0;0;0;0;1;0;0;0;0
"21/06/2024";"05:59:00";"83";"Com vítima";"653,150";"BR-163/PA";"Decrescente";"Tombamento";0;0;1;0;0;0;0;0;0;0;0;0;0;2;0
"21/06/2024";"09:46:00";"210";"Sem vítima";"865,305";"BR-163/MT";"Decrescente";"Atropelamento de animal";0;0;1;0;0;0;0;0;0;0;2;0;0;0;0
"22/06/2024";"12:00:00";"127";"Sem vítima";"199,000";"BR-163/PA";"Crescente";"Saída de pista";0;0;0;1;0;0;0;0;0;0;0;0;0;0;0
"22/06/2024";"03:28:00";"16";"Sem vítima";"1034,82";"BR-163/MT";"Crescente";"Saída de pista";1;0;0;0;0;0;0;0;0;0;1;0;0;0;0
"22/06/2024";"03:30:00";"17";"Com vítima";"130,604";"BR-163/PA";"Decrescente";"Colisão frontal";1;0;0;0;0;0;0;0;0;0;0;1;0;0;0
"22/06/2024";"06:18:00";"25";"Com vítima";"970,800";"BR-163/MT";"Crescente";"Tombamento";0;0;1;0;0;0;0;0;0;0;0;1;0;0;0
"22/06/2024";"03:54:00";"136";"Sem vítima";"1101,42";"BR-163/MT";"Crescente";"Tombamento";0;0;1;0;0;0;0;0;0;0;1;0;0;0;0
"22/06/2024";"04:05:00";"139";"Sem vítima";"989,000";"BR-163/MT";"Crescente";"Saída de pista";1;0;0;0;0;0;0;0;0;0;2;0;0;0;0
"22/06/2024";"08:39:00";"169";"Sem vítima";"980,132";"BR-163/MT";"Crescente";"Atropelamento de animal";0;0;0;0;0;0;0;0;0;1;2;0;0;0;0
"22/06/2024";"09:52:00";"175";"Sem vítima";"906,863";"BR-163/MT";"Crescente";"Atropelamento de animal";1;0;0;0;0;0;0;0;0;0;2;0;0;0;0
"23/06/2024";"12:00:00";"124";"Com vítima";"876,000";"BR-163/MT";"Crescente";"Colisão lateral no mesmo sentido";1;0;1;0;0;0;0;0;0;0;0;3;0;0;0
"23/06/2024";"03:37:00";"24";"Sem vítima";"1033,42";"BR-163/MT";"Crescente";"Saída de pista";1;0;0;0;0;0;0;0;0;0;1;0;0;0;0
"23/06/2024";"04:14:00";"25";"Sem vítima";"599,016";"BR-163/PA";"Crescente";"Tombamento";0;0;1;0;0;0;0;0;0;0;1;0;0;0;0
"23/06/2024";"06:36:00";"45";"Sem vítima";"178,000";"BR-163/PA";"Decrescente";"Saída de pista";0;0;1;0;0;0;0;0;0;0;1;0;0;0;0
"23/06/2024";"09:29:00";"169";"Sem vítima";"983,125";"BR-163/MT";"Crescente";"Saída de pista";0;0;0;0;0;0;0;0;0;1;1;0;0;0;0
"24/06/2024";"02:44:00";"198";"Com vítima";"396,000";"BR-163/PA";"Crescente";"Queda de moto";0;0;1;1;0;0;0;0;0;0;0;1;0;0;0
"24/06/2024";"08:21:00";"241";"Sem vítima";"345,169";"BR-163/PA";"Crescente";"Tombamento";0;0;1;0;0;0;0;0;0;0;1;0;0;0;0
"26/06/2024";"07:55:00";"114";"Com vítima";"955,000";"BR-163/MT";"Crescente";"Colisão lateral no mesmo sentido";0;0;2;0;0;0;0;0;0;0;0;1;0;0;0
"26/06/2024";"12:32:00";"175";"Sem vítima";"664,482";"BR-163/PA";"Decrescente";"Tombamento";0;0;1;0;0;0;0;0;0;0;0;0;0;0;0
"26/06/2024";"05:46:00";"216";"Sem vítima";"36,600";"BR-163/PA";"Crescente";"Tombamento";0;0;1;0;0;0;0;0;0;0;1;0;0;0;0
"27/06/2024";"04:06:00";"196";"Sem vítima";"996,609";"BR-163/MT";"Decrescente";"Saída de pista";1;0;0;0;0;0;0;0;0;0;2;0;0;0;0
"27/06/2024";"10:10:00";"230";"Com vítima";"1054,14";"BR-163/MT";"Decrescente";"Colisão frontal";1;0;1;0;0;0;0;0;0;0;0;1;0;0;1
"28/06/2024";"02:11:00";"5";"Com vítima";"295,840";"BR-163/PA";"Crescente";"Atropelamento de animal";0;0;0;0;0;0;0;0;0;1;0;1;0;0;0
"28/06/2024";"08:22:00";"112";"Sem vítima";"896,500";"BR-163/MT";"Decrescente";"Tombamento";0;0;1;0;0;0;0;0;0;0;1;0;0;0;0
"28/06/2024";"09:47:00";"134";"Sem vítima";"614,337";"BR-163/PA";"Crescente";"Saída de pista";0;0;1;0;0;0;0;0;0;0;2;0;0;0;0
"28/06/2024";"12:53:00";"151";"Sem vítima";"973,500";"BR-163/MT";"Crescente";"Colisão transversal";0;0;1;0;0;0;0;0;0;1;2;0;0;0;0
"28/06/2024";"05:08:00";"202";"Sem vítima";"1048,00";"BR-163/MT";"Decrescente";"Colisão traseira";1;0;0;0;0;0;0;0;0;1;2;0;0;0;0
"28/06/2024";"05:20:00";"205";"Com vítima";"1110,00";"BR-163/MT";"Crescente";"Tombamento";0;0;1;0;0;0;0;0;0;0;0;0;0;1;0
"28/06/2024";"07:18:00";"215";"Sem vítima";"985,139";"BR-163/MT";"Crescente";"Colisão traseira";0;0;1;0;0;0;0;0;0;0;2;0;0;0;0
"29/06/2024";"12:00:00";"176";"Sem vítima";"984,327";"BR-163/MT";"Decrescente";"Saída de pista";0;0;0;0;0;0;0;0;0;1;1;0;0;0;0
"29/06/2024";"08:20:00";"70";"Com vítima";"500,000";"BR-163/PA";"Crescente";"Tombamento";0;0;1;0;0;0;0;0;0;0;0;1;0;0;0
"29/06/2024";"09:26:00";"83";"Sem vítima";"1110,64";"BR-163/MT";"Crescente";"Colisão lateral no mesmo sentido";0;0;2;0;0;0;0;0;0;0;2;0;0;0;0
"29/06/2024";"02:23:00";"123";"Sem vítima";"50,389";"BR-163/PA";"Crescente";"Tombamento";0;0;2;0;0;0;0;0;0;0;2;0;0;0;0
"29/06/2024";"03:12:00";"128";"Sem vítima";"900,000";"BR-163/MT";"Decrescente";"Colisão lateral no mesmo sentido";0;0;2;0;0;0;0;0;0;1;5;0;0;0;0
"29/06/2024";"05:29:00";"143";"Com vítima";"283,649";"BR-163/PA";"Crescente";"Colisão traseira";0;0;2;0;0;0;0;0;0;0;0;1;0;0;0
"30/06/2024";"12:00:00";"43";"Sem vítima";"1030,79";"BR-163/MT";"Crescente";"Choque";0;0;0;0;0;0;0;0;0;1;1;0;0;0;0
"30/06/2024";"12:33:00";"8";"Com vítima";"914,544";"BR-163/MT";"Decrescente";"Colisão traseira";0;0;0;1;0;0;0;0;0;0;0;1;0;0;0
"30/06/2024";"03:02:00";"19";"Com vítima";"652,230";"BR-163/PA";"Crescente";"Tombamento";0;0;1;0;0;0;0;0;0;0;0;0;2;0;0
"30/06/2024";"06:53:00";"53";"Com vítima";"601,165";"BR-163/PA";"Crescente";"Colisão lateral no mesmo sentido";0;0;1;1;0;0;0;0;0;0;1;0;1;0;0
"30/06/2024";"07:24:00";"56";"Sem vítima";"1055,00";"BR-163/MT";"Decrescente";"Saída de pista";0;0;0;0;0;0;0;0;0;1;0;0;0;0;0
"30/06/2024";"10:11:00";"105";"Sem vítima";"617,700";"BR-163/PA";"Crescente";"Tombamento";0;0;1;0;0;0;0;0;0;0;1;0;0;0;0
"30/06/2024";"10:42:00";"112";"Com vítima";"168,102";"BR-163/PA";"Crescente";"Colisão frontal";0;0;1;1;0;0;0;0;0;0;1;0;0;0;2
"30/06/2024";"02:41:00";"136";"Com vítima";"625,000";"BR-163/PA";"Crescente";"Colisão lateral no mesmo sentido";0;0;0;1;0;0;0;0;0;1;1;1;0;0;0
"30/06/2024";"04:18:00";"149";"Sem vítima";"585,500";"BR-163/PA";"Decrescente";"Colisão lateral no mesmo sentido";0;0;1;0;0;0;0;0;0;0;1;0;0;0;0
"30/06/2024";"05:26:00";"156";"Sem vítima";"284,000";"BR-163/PA";"Decrescente";"Atropelamento de animal";1;0;0;0;0;0;0;0;0;0;0;0;0;0;0
"01/07/2024";"09:46:00";"182";"Sem vítima";"1054,57";"BR-163/MT";"Decrescente";"Saída de pista";0;0;1;0;0;0;0;0;0;0;1;0;0;0;0
"02/07/2024";"05:08:00";"103";"Com vítima";"212,969";"BR-163/PA";"Decrescente";"Colisão lateral no mesmo sentido";0;0;1;0;0;0;0;0;0;1;0;1;1;0;0
"02/07/2024";"09:07:00";"125";"Com vítima";"1059,65";"BR-163/MT";"Crescente";"Colisão traseira";1;0;0;1;0;0;0;0;0;0;0;3;0;0;0
"02/07/2024";"01:14:00";"153";"Sem vítima";"319,871";"BR-163/PA";"Crescente";"Engavetamento";0;0;3;0;0;0;0;0;0;0;5;0;0;0;0
"02/07/2024";"02:12:00";"158";"Com vítima";"1030,50";"BR-163/MT";"Decrescente";"Colisão transversal";0;0;0;1;0;0;0;0;0;1;1;1;0;0;0
"02/07/2024";"03:26:00";"167";"Com vítima";"503,500";"BR-163/PA";"Crescente";"Colisão lateral no mesmo sentido";0;0;2;0;0;0;0;0;0;0;2;1;0;0;0
"03/07/2024";"01:54:00";"182";"Com vítima";"1068,00";"BR-163/MT";"Crescente";"Colisão lateral no mesmo sentido";0;0;1;1;0;0;0;0;0;0;1;1;0;0;0
"04/07/2024";"04:37:00";"94";"Com vítima";"616,480";"BR-163/PA";"Crescente";"Colisão frontal";0;0;1;0;0;0;0;0;0;1;1;0;0;1;0
"04/07/2024";"05:24:00";"95";"Com vítima";"1033,82";"BR-163/MT";"Crescente";"Atropelamento de ciclista";0;1;0;0;0;0;0;0;0;0;0;0;0;0;0
"04/07/2024";"07:57:00";"114";"Sem vítima";"601,882";"BR-163/PA";"Decrescente";"Colisão traseira";0;0;2;0;0;0;0;0;0;0;2;0;0;0;0
"04/07/2024";"09:04:00";"126";"Sem vítima";"436,233";"BR-163/PA";"Crescente";"Tombamento";0;0;1;0;0;0;0;0;0;0;0;0;0;0;0
"05/07/2024";"04:03:00";"14";"Com vítima";"341,200";"BR-163/PA";"Decrescente";"Colisão lateral no mesmo sentido";1;0;1;0;0;0;0;0;0;0;1;1;0;0;0
"05/07/2024";"08:27:00";"111";"Sem vítima";"303,307";"BR-163/PA";"Crescente";"Colisão traseira";0;0;2;0;0;0;0;0;0;0;2;0;0;0;0
"06/07/2024";"05:20:00";"44";"Com vítima";"958,580";"BR-163/MT";"Crescente";"Colisão traseira";1;0;0;0;0;0;0;0;0;0;0;2;0;0;0
"06/07/2024";"07:01:00";"53";"Sem vítima";"98,000";"BR-163/PA";"Decrescente";"Colisão traseira";0;0;2;0;0;0;0;0;0;0;2;0;0;0;0
"06/07/2024";"07:56:00";"67";"Sem vítima";"937,000";"BR-163/MT";"Decrescente";"Colisão traseira";1;0;1;0;0;0;0;0;0;0;4;0;0;0;0
"06/07/2024";"08:30:00";"78";"Sem vítima";"1102,00";"BR-163/MT";"Crescente";"Tombamento";0;0;1;0;0;0;0;0;0;0;0;0;0;0;0
"06/07/2024";"05:29:00";"161";"Sem vítima";"622,252";"BR-163/PA";"Crescente";"Tombamento";0;0;1;0;0;0;0;0;0;0;1;0;0;0;0
"06/07/2024";"08:09:00";"176";"Com vítima";"1037,77";"BR-163/MT";"Decrescente";"Colisão frontal";1;0;0;1;0;0;0;0;0;0;1;1;0;0;0
"06/07/2024";"11:50:00";"191";"Sem vítima";"242,300";"BR-163/PA";"Decrescente";"Atropelamento de animal";0;0;1;0;0;0;0;0;0;0;15;0;0;0;0
"07/07/2024";"09:36:00";"98";"Sem vítima";"959,303";"BR-163/MT";"Crescente";"Colisão lateral no mesmo sentido";1;0;2;0;0;0;0;0;0;0;3;0;0;0;0
"07/07/2024";"03:02:00";"126";"Sem vítima";"1033,00";"BR-163/MT";"Crescente";"Colisão traseira";2;0;0;0;0;0;0;0;0;0;2;0;0;0;0
"07/07/2024";"05:57:00";"145";"Com vítima";"646,010";"BR-163/PA";"Decrescente";"Saída de pista";0;0;1;0;0;0;0;0;0;0;0;1;0;0;0
"07/07/2024";"07:42:00";"153";"Sem vítima";"1054,32";"BR-163/MT";"Crescente";"Colisão transversal";1;0;1;0;0;0;0;0;0;0;2;0;0;0;0
"07/07/2024";"08:49:00";"155";"Com vítima";"655,200";"BR-163/PA";"Crescente";"Tombamento";0;0;1;0;0;0;0;0;0;0;0;0;0;0;3
"08/07/2024";"01:07:00";"8";"Com vítima";"1125,32";"BR-230/PA";"Crescente";"Colisão transversal";0;0;2;0;0;0;0;0;0;0;3;0;0;0;3
"09/07/2024";"12:00:00";"164";"Com vítima";"410,000";"BR-163/PA";"Decrescente";"Choque";0;0;0;1;0;0;0;0;0;0;0;1;0;0;0
"09/07/2024";"05:21:00";"76";"Sem vítima";"584,554";"BR-163/PA";"Decrescente";"Atropelamento de animal";0;0;1;0;0;0;0;0;0;0;1;0;0;0;0
"09/07/2024";"12:15:00";"148";"Sem vítima";"1097,20";"BR-163/MT";"Decrescente";"Colisão lateral no mesmo sentido";0;0;1;0;0;0;0;0;0;1;3;0;0;0;0
"10/07/2024";"12:00:00";"129";"Sem vítima";"618,996";"BR-163/PA";"Decrescente";"Colisão traseira";0;0;1;0;0;0;0;0;0;0;1;0;0;0;0
"10/07/2024";"02:16:00";"69";"Com vítima";"1061,81";"BR-163/MT";"Crescente";"Colisão frontal";2;0;0;1;0;0;0;0;0;0;1;1;0;0;0
"10/07/2024";"11:19:00";"126";"Com vítima";"617,670";"BR-163/PA";"Crescente";"Tombamento";0;0;1;0;0;0;0;0;0;0;0;1;0;0;0
"10/07/2024";"01:19:00";"131";"Com vítima";"1119,00";"BR-230/PA";"Decrescente";"Capotamento";0;0;0;0;0;0;0;0;0;1;4;6;0;0;0
"10/07/2024";"05:10:00";"149";"Sem vítima";"925,211";"BR-163/MT";"Crescente";"Colisão traseira";1;0;1;0;0;0;0;0;0;0;3;0;0;0;0
"11/07/2024";"12:09:00";"1";"Com vítima";"158,397";"BR-163/PA";"Decrescente";"Atropelamento de pedestre";0;0;0;0;0;0;0;0;0;1;1;1;0;0;0
"11/07/2024";"12:32:00";"2";"Com vítima";"1128,30";"BR-230/PA";"Decrescente";"Tombamento";0;0;1;0;0;0;0;0;0;0;0;1;0;0;0
"11/07/2024";"07:33:00";"213";"Sem vítima";"1041,92";"BR-163/MT";"Decrescente";"Saída de pista";1;0;0;0;0;0;0;0;0;0;2;0;0;0;0
"12/07/2024";"12:00:00";"109";"Com vítima";"575,097";"BR-163/PA";"Decrescente";"Colisão transversal";0;0;1;1;0;0;0;0;0;0;1;2;0;0;0
"12/07/2024";"08:27:00";"117";"Com vítima";"902,500";"BR-163/MT";"Crescente";"Colisão frontal";0;0;3;0;0;0;0;0;0;0;1;2;0;0;1
"12/07/2024";"12:18:00";"150";"Com vítima";"344,449";"BR-163/PA";"Crescente";"Colisão traseira";0;0;0;1;0;0;0;0;0;0;0;1;0;0;0
"12/07/2024";"02:37:00";"166";"Sem vítima";"312,800";"BR-163/PA";"Crescente";"Colisão transversal";0;0;2;0;0;0;0;0;0;0;2;0;0;0;0
"12/07/2024";"03:14:00";"171";"Com vítima";"933,000";"BR-163/MT";"Crescente";"Atropelamento de pedestre";0;0;1;0;0;0;0;0;0;0;1;1;0;0;0
"12/07/2024";"08:19:00";"205";"Sem vítima";"1117,28";"BR-230/PA";"Crescente";"Atropelamento de animal";1;0;0;0;0;0;0;0;0;0;1;0;0;0;0
"13/07/2024";"12:00:00";"24";"Sem vítima";"1062,10";"BR-163/MT";"Crescente";"Colisão traseira";1;0;0;0;0;0;0;0;0;0;3;0;0;0;0
"13/07/2024";"03:01:00";"23";"Com vítima";"938,665";"BR-163/MT";"Decrescente";"Capotamento";1;0;0;0;0;0;0;0;0;0;0;1;1;0;0
"13/07/2024";"06:09:00";"48";"Com vítima";"857,370";"BR-163/MT";"Crescente";"Queda de moto";0;0;0;1;0;0;0;0;0;0;0;1;0;0;0
"13/07/2024";"06:37:00";"50";"Sem vítima";"953,000";"BR-163/MT";"Crescente";"Colisão traseira";0;0;1;0;0;0;0;0;0;1;3;0;0;0;0
"13/07/2024";"07:44:00";"57";"Com vítima";"1021,00";"BR-163/MT";"Crescente";"Tombamento";0;0;1;0;0;0;0;0;0;0;0;3;0;0;0
"13/07/2024";"08:18:00";"65";"Sem vítima";"1111,39";"BR-163/MT";"Decrescente";"Tombamento";0;0;2;0;0;0;0;0;0;0;3;0;0;0;0
"13/07/2024";"09:51:00";"74";"Sem vítima";"923,000";"BR-163/MT";"Crescente";"Saída de pista";1;0;0;0;0;0;0;0;0;0;1;0;0;0;0
"13/07/2024";"10:46:00";"82";"Com vítima";"922,145";"BR-163/MT";"Decrescente";"Colisão traseira";0;0;2;0;0;0;0;0;0;0;1;1;0;0;0
"13/07/2024";"01:50:00";"98";"Sem vítima";"922,000";"BR-163/MT";"Crescente";"Colisão traseira";0;0;2;0;0;0;0;0;0;0;0;0;0;0;0
"13/07/2024";"03:35:00";"109";"Com vítima";"299,000";"BR-163/PA";"Crescente";"Colisão traseira";0;0;0;1;0;0;0;0;0;1;9;0;0;0;6
"13/07/2024";"07:52:00";"125";"Sem vítima";"897,066";"BR-163/MT";"Decrescente";"Atropelamento de animal";0;0;0;0;0;0;0;0;0;1;1;0;0;0;0
"14/07/2024";"04:41:00";"20";"Sem vítima";"1085,00";"BR-163/MT";"Crescente";"Colisão traseira";0;0;1;0;0;0;0;0;0;0;3;0;0;0;0
"14/07/2024";"09:19:00";"67";"Com vítima";"231,443";"BR-163/PA";"Crescente";"Colisão traseira";0;0;0;0;0;0;0;0;0;1;0;1;0;0;0
"14/07/2024";"11:05:00";"89";"Sem vítima";"309,330";"BR-163/PA";"Decrescente";"Saída de pista";0;0;0;0;0;0;0;0;0;1;1;0;0;0;0
"14/07/2024";"06:27:00";"139";"Com vítima";"310,584";"BR-163/PA";"Decrescente";"Atropelamento de pedestre";0;0;0;0;0;0;0;0;0;1;1;0;0;0;1
"14/07/2024";"06:35:00";"140";"Com vítima";"407,093";"BR-163/PA";"Crescente";"Queda de moto";0;0;0;1;0;0;0;0;0;0;0;1;0;0;0
"14/07/2024";"07:42:00";"144";"Com vítima";"574,201";"BR-163/PA";"Decrescente";"Colisão lateral no mesmo sentido";0;0;0;1;0;0;0;0;0;1;9;3;0;0;0
"15/07/2024";"07:45:00";"95";"Sem vítima";"653,000";"BR-163/PA";"Decrescente";"Tombamento";0;0;1;0;0;0;0;0;0;0;1;0;0;0;0
"16/07/2024";"07:44:00";"113";"Com vítima";"322,514";"BR-163/PA";"Decrescente";"Colisão traseira";0;0;2;0;0;0;0;0;0;0;3;1;0;0;0
"16/07/2024";"08:00:00";"220";"Com vítima";"129,107";"BR-163/PA";"Crescente";"Colisão traseira";1;0;0;1;0;0;0;0;0;0;3;0;0;0;6
"17/07/2024";"09:45:00";"146";"Sem vítima";"72,769";"BR-163/PA";"Crescente";"Colisão frontal";1;0;1;0;0;0;0;0;0;0;2;0;0;0;0
"17/07/2024";"03:16:00";"187";"Sem vítima";"1003,90";"BR-163/MT";"Crescente";"Colisão lateral no mesmo sentido";1;0;1;0;0;0;0;0;0;0;2;0;0;0;0
"17/07/2024";"06:33:00";"202";"Sem vítima";"919,229";"BR-163/MT";"Crescente";"Colisão lateral no mesmo sentido";0;0;1;0;0;0;0;0;0;1;2;0;0;0;0
"17/07/2024";"10:04:00";"223";"Com vítima";"1031,26";"BR-163/MT";"Decrescente";"Colisão traseira";0;0;0;1;0;0;0;0;0;1;2;2;0;0;0
"17/07/2024";"11:22:00";"226";"Com vítima";"639,582";"BR-163/PA";"Decrescente";"Atropelamento de animal";0;0;0;1;0;0;0;0;0;0;0;2;0;0;0
"18/07/2024";"12:00:00";"170";"Com vítima";"334,000";"BR-163/PA";"Decrescente";"Colisão traseira";0;0;1;0;0;1;0;0;0;0;1;1;0;0;0
"18/07/2024";"01:58:00";"205";"Sem vítima";"854,200";"BR-163/MT";"Decrescente";"Colisão traseira";0;0;0;0;0;0;0;0;0;0;0;0;0;0;0
"18/07/2024";"07:31:00";"252";"Com vítima";"397,400";"BR-163/PA";"Crescente";"Queda de moto";0;0;0;1;0;0;0;0;0;0;0;3;0;0;0
"19/07/2024";"05:02:00";"90";"Sem vítima";"1058,71";"BR-163/MT";"Decrescente";"Atropelamento de animal";1;0;0;0;0;0;0;0;0;0;6;0;0;0;0
"19/07/2024";"05:19:00";"91";"Sem vítima";"608,783";"BR-163/PA";"Crescente";"Atropelamento de animal";0;0;1;0;0;0;0;0;0;0;3;0;0;0;0
"19/07/2024";"04:53:00";"197";"Com vítima";"1025,50";"BR-163/MT";"Crescente";"Tombamento";0;0;1;0;0;0;0;0;0;0;0;1;0;0;0
"19/07/2024";"05:10:00";"201";"Com vítima";"954,333";"BR-163/MT";"Crescente";"Capotamento";0;0;0;0;0;0;0;0;0;1;1;1;0;0;0
"20/07/2024";"12:00:00";"206";"Com vítima";"532,605";"BR-163/PA";"Decrescente";"Colisão traseira";0;0;1;1;0;0;0;0;0;0;9;0;0;0;3
"20/07/2024";"01:31:00";"154";"Sem vítima";"1053,22";"BR-163/MT";"Decrescente";"Colisão traseira";0;0;2;0;0;0;0;0;0;0;4;0;0;0;0
"20/07/2024";"02:40:00";"166";"Sem vítima";"597,755";"BR-163/PA";"Crescente";"Colisão lateral no mesmo sentido";1;0;1;0;0;0;0;0;0;0;4;0;0;0;0
"20/07/2024";"07:06:00";"195";"Com vítima";"314,388";"BR-163/PA";"Crescente";"Choque";1;0;0;0;0;0;0;0;0;0;0;1;0;0;0
"20/07/2024";"08:34:00";"203";"Sem vítima";"318,527";"BR-163/PA";"Decrescente";"Queda de moto";0;0;0;1;0;0;0;0;0;0;3;0;0;0;0
"21/07/2024";"12:02:00";"1";"Sem vítima";"374,852";"BR-163/PA";"Decrescente";"Atropelamento de animal";0;0;1;0;0;0;0;0;0;0;1;0;0;0;0
"21/07/2024";"01:23:00";"5";"Com vítima";"23,300";"BR-163/PA";"Decrescente";"Choque";0;0;2;0;0;0;0;0;0;0;1;1;0;0;0
"21/07/2024";"03:36:00";"112";"Com vítima";"563,738";"BR-163/PA";"Crescente";"Colisão frontal";0;0;0;1;0;0;0;0;0;0;0;0;3;0;6
"22/07/2024";"03:34:00";"79";"Com vítima";"965,426";"BR-163/MT";"Crescente";"Colisão lateral no mesmo sentido";0;0;1;0;0;0;0;0;0;1;0;3;2;0;0
"22/07/2024";"03:44:00";"80";"Sem vítima";"577,255";"BR-163/PA";"Decrescente";"Saída de pista";0;0;1;0;0;0;0;0;0;0;1;0;0;0;0
"22/07/2024";"06:41:00";"89";"Com vítima";"1117,85";"BR-230/PA";"Crescente";"Colisão lateral no mesmo sentido";0;0;1;1;0;0;0;0;0;0;0;2;0;0;2
"22/07/2024";"09:08:00";"128";"Com vítima";"210,677";"BR-163/PA";"Crescente";"Saída de pista";0;0;1;0;0;0;0;0;0;0;0;1;0;0;0
"22/07/2024";"09:37:00";"236";"Sem vítima";"945,477";"BR-163/MT";"Decrescente";"Saída de pista";1;0;0;0;0;0;0;0;0;0;2;0;0;0;0
"23/07/2024";"06:18:00";"36";"Com vítima";"309,811";"BR-163/PA";"Decrescente";"Saída de pista";0;0;0;2;0;0;0;0;0;0;0;0;3;0;0
"23/07/2024";"09:35:00";"80";"Sem vítima";"665,000";"BR-163/PA";"Crescente";"Tombamento";0;0;1;0;0;0;0;0;0;0;1;0;0;0;0
"23/07/2024";"12:07:00";"108";"Sem vítima";"482,793";"BR-163/PA";"Crescente";"Saída de pista";0;0;1;0;0;0;0;0;0;0;3;0;0;0;0
"23/07/2024";"09:49:00";"165";"Sem vítima";"1098,53";"BR-163/MT";"Decrescente";"Atropelamento de animal";1;0;0;0;0;0;0;0;0;0;6;0;0;0;0
"24/07/2024";"05:56:00";"108";"Sem vítima";"8,612";"BR-163/PA";"Decrescente";"Colisão traseira";0;0;2;0;0;0;0;0;0;0;9;0;0;0;0
"24/07/2024";"08:13:00";"130";"Com vítima";"1070,28";"BR-163/MT";"Decrescente";"Queda de moto";0;0;0;1;0;0;0;0;0;0;0;3;0;0;0
"24/07/2024";"02:53:00";"207";"Com vítima";"410,435";"BR-163/PA";"Crescente";"Colisão traseira";0;0;0;1;0;0;0;0;0;0;0;1;0;0;0
"24/07/2024";"03:58:00";"217";"Com vítima";"854,834";"BR-163/MT";"Crescente";"Colisão lateral no mesmo sentido";0;0;2;0;0;0;0;0;0;0;1;0;1;0;0
"24/07/2024";"03:59:00";"218";"Com vítima";"8,500";"BR-163/PA";"Crescente";"Colisão traseira";0;0;2;0;0;0;0;0;0;0;3;3;0;0;0
"24/07/2024";"04:38:00";"226";"Sem vítima";"854,671";"BR-163/MT";"Crescente";"Colisão lateral no mesmo sentido";0;0;1;0;0;0;0;0;0;1;3;0;0;0;0
"24/07/2024";"06:44:00";"239";"Sem vítima";"897,000";"BR-163/MT";"Crescente";"Colisão lateral no mesmo sentido";1;0;1;0;0;0;0;0;0;0;6;0;0;0;0
"24/07/2024";"08:14:00";"242";"Sem vítima";"13,900";"BR-163/PA";"Crescente";"Colisão traseira";1;0;1;0;0;0;0;0;0;0;6;0;0;0;0