data;horario;n_da_ocorrencia;tipo_de_ocorrencia;km;trecho;sentido;tipo_de_acidente;automovel;bicicleta;caminhao;moto;onibus;outros;tracao_animal;transporte_de_cargas_especiais;trator_maquinas;utilitarios;ilesos;levemente_feridos;moderadamente_feridos;gravemente_feridos;mortos
"13/10/2024";"10:17:00";"106";"Com vítima";"317,674";"BR-163/PA";"Crescente";"Colisão lateral no mesmo sentido";0;0;0;0;0;0;0;0;0;2;1;3;0;0;0
"14/10/2024";"04:16:00";"196";"Com vítima";"887,752";"BR-163/MT";"Crescente";"Colisão traseira";0;0;0;1;0;0;0;0;0;1;3;2;0;0;0
"14/10/2024";"05:50:00";"201";"Sem vítima";"558,046";"BR-163/PA";"Crescente";"Saída de pista";0;0;1;0;0;0;0;0;0;0;1;0;0;0;0
"14/10/2024";"09:07:00";"210";"Sem vítima";"950,525";"BR-163/MT";"Crescente";"Atropelamento de animal";0;0;0;0;0;0;0;0;0;1;1;0;0;0;0
"15/10/2024";"01:18:00";"159";"Com vítima";"949,750";"BR-163/MT";"Crescente";"Colisão lateral no mesmo sentido";1;0;1;0;0;0;0;0;0;0;1;1;0;0;0
"15/10/2024";"06:38:00";"176";"Sem vítima";"97,354";"BR-163/PA";"Decrescente";"Choque";1;0;0;0;0;0;0;0;0;0;2;0;0;0;0
"16/10/2024";"07:56:00";"122";"Sem vítima";"951,600";"BR-163/MT";"Decrescente";"Saída de pista";0;0;1;0;0;0;0;0;0;0;0;0;0;0;0
"16/10/2024";"02:04:00";"165";"Sem vítima";"897,782";"BR-163/MT";"Crescente";"Colisão traseira";0;0;1;0;0;0;0;0;0;1;0;0;0;0;0
"17/10/2024";"12:02:00";"2";"Sem vítima";"308,802";"BR-163/PA";"Crescente";"Saída de pista";0;0;0;0;0;0;0;0;0;1;0;0;0;0;0
"17/10/2024";"01:27:00";"19";"Com vítima";"927,765";"BR-163/MT";"Crescente";"Colisão frontal";1;0;1;0;0;0;0;0;0;0;1;0;0;0;1
"17/10/2024";"09:44:00";"134";"Com vítima";"539,605";"BR-163/PA";"Crescente";"Colisão lateral no mesmo sentido";0;0;2;0;1;0;0;0;0;0;0;6;6;0;0
"17/10/2024";"05:12:00";"161";"Sem vítima";"917,500";"BR-163/MT";"Crescente";"Capotamento";1;0;0;0;0;0;0;0;0;0;0;0;0;0;0
"17/10/2024";"06:29:00";"168";"Com vítima";"166,233";"BR-163/PA";"Decrescente";"Atropelamento de animal";0;0;0;1;0;0;0;0;0;0;0;0;0;0;0
"18/10/2024";"11:51:00";"158";"Com vítima";"608,536";"BR-163/PA";"Crescente";"Queda de moto";0;0;0;1;0;0;0;0;0;0;0;0;1;0;0
"18/10/2024";"04:17:00";"180";"Sem vítima";"240,522";"BR-163/PA";"Crescente";"Saída de pista";1;0;0;0;0;0;0;0;0;0;0;0;0;0;0
"18/10/2024";"10:53:00";"203";"Sem vítima";"995,877";"BR-163/MT";"Decrescente";"Atropelamento de animal";0;0;1;0;0;0;0;0;0;0;0;0;0;0;0
"19/10/2024";"12:33:00";"6";"Com vítima";"1102,54";"BR-163/MT";"Decrescente";"Capotamento";0;0;1;0;0;0;0;0;0;0;0;0;0;0;1
"19/10/2024";"09:17:00";"94";"Com vítima";"1107,33";"BR-230/PA";"Decrescente";"Colisão lateral no mesmo sentido";0;0;1;1;0;0;0;0;0;0;2;0;0;0;1
"19/10/2024";"11:35:00";"103";"Com vítima";"1104,26";"BR-163/MT";"Decrescente";"Saída de pista";0;0;0;1;0;0;0;0;0;0;0;0;0;1;0
"19/10/2024";"02:53:00";"112";"Sem vítima";"250,104";"BR-163/PA";"Crescente";"Tombamento";0;0;1;0;0;0;0;0;0;0;0;0;0;0;0
"19/10/2024";"06:28:00";"125";"Com vítima";"281,728";"BR-163/PA";"Decrescente";"Capotamento";0;0;1;0;0;0;0;0;0;0;0;0;1;0;0
"19/10/2024";"08:21:00";"134";"Com vítima";"374,201";"BR-163/PA";"Decrescente";"Colisão traseira";0;0;0;1;0;0;0;0;0;1;1;1;0;0;0
"20/10/2024";"02:38:00";"46";"Sem vítima";"294,374";"BR-163/PA";"Decrescente";"Atropelamento de animal";1;0;0;0;0;0;0;0;0;0;0;0;0;0;0
"20/10/2024";"07:08:00";"59";"Com vítima";"505,450";"BR-163/PA";"Decrescente";"Tombamento";0;0;1;0;0;0;0;0;0;0;0;0;0;0;0
"20/10/2024";"07:47:00";"69";"Com vítima";"1059,78";"BR-163/MT";"Crescente";"Colisão traseira";0;1;0;1;0;0;0;0;0;0;0;1;0;0;0
"20/10/2024";"09:42:00";"94";"Sem vítima";"570,300";"BR-163/PA";"Crescente";"Colisão traseira";0;0;2;0;0;0;0;0;0;0;0;0;0;0;0
"21/10/2024";"06:47:00";"172";"Com vítima";"423,375";"BR-163/PA";"Crescente";"Tombamento";0;0;1;0;0;0;0;0;0;0;0;2;0;0;0
"22/10/2024";"06:13:00";"85";"Sem vítima";"627,700";"BR-163/PA";"Decrescente";"Atropelamento de animal";0;0;1;0;0;0;0;0;0;0;0;0;0;0;0
"22/10/2024";"08:50:00";"246";"Com vítima";"234,353";"BR-163/PA";"Crescente";"Queda de moto";0;0;0;1;0;0;0;0;0;0;0;1;0;0;0
"23/10/2024";"01:36:00";"55";"Sem vítima";"1110,22";"BR-163/MT";"Decrescente";"Tombamento";0;0;1;0;0;0;0;0;0;0;0;0;0;0;0
"24/10/2024";"12:59:00";"98";"Sem vítima";"907,287";"BR-163/MT";"Decrescente";"Atropelamento de animal";0;0;0;0;0;0;0;0;0;1;0;0;0;0;0
"25/10/2024";"02:32:00";"116";"Sem vítima";"512,176";"BR-163/PA";"Decrescente";"Atropelamento de animal";0;0;1;0;0;0;0;0;0;0;0;0;0;0;0
"25/10/2024";"02:59:00";"119";"Com vítima";"454,880";"BR-163/PA";"Crescente";"Tombamento";0;0;0;0;0;0;0;0;0;1;0;1;0;0;0
"26/10/2024";"12:00:00";"145";"Com vítima";"575,154";"BR-163/PA";"Decrescente";"Queda de moto";0;0;0;1;0;0;0;0;0;0;0;1;0;0;0
"26/10/2024";"02:46:00";"62";"Sem vítima";"1105,68";"BR-230/PA";"Decrescente";"Atropelamento de animal";1;0;0;0;0;0;0;0;0;0;0;0;0;0;0
"26/10/2024";"03:13:00";"63";"Com vítima";"296,550";"BR-163/PA";"Crescente";"Saída de pista";1;0;0;0;0;0;0;0;0;0;0;0;2;0;0
"26/10/2024";"06:47:00";"154";"Com vítima";"575,206";"BR-163/PA";"Crescente";"Atropelamento de animal";0;0;0;1;0;0;0;0;0;0;0;0;0;0;0
"26/10/2024";"11:16:00";"168";"Sem vítima";"983,197";"BR-163/MT";"Crescente";"Saída de pista";0;0;0;1;0;0;0;0;0;0;0;0;0;0;0
"27/10/2024";"05:29:00";"41";"Com vítima";"154,107";"BR-163/PA";"Crescente";"Colisão frontal";0;0;1;1;0;0;0;0;0;0;2;0;0;0;4
"27/10/2024";"08:17:00";"103";"Com vítima";"1030,23";"BR-163/MT";"Crescente";"Colisão frontal";1;0;0;1;0;0;0;0;0;0;8;2;0;0;0
"28/10/2024";"12:06:00";"6";"Sem vítima";"102,362";"BR-163/PA";"Crescente";"Saída de pista";0;0;1;0;0;0;0;0;0;0;0;0;0;0;0
"28/10/2024";"09:39:00";"137";"Com vítima";"924,425";"BR-163/MT";"Crescente";"Engavetamento";1;0;1;0;0;0;0;0;0;2;0;2;1;0;0
"28/10/2024";"11:53:00";"230";"Com vítima";"1114,70";"BR-230/PA";"Crescente";"Atropelamento de animal";0;0;0;1;0;0;0;0;0;0;0;0;0;0;0
"29/10/2024";"02:19:00";"185";"Sem vítima";"992,540";"BR-163/MT";"Crescente";"Tombamento";0;0;1;0;0;0;0;0;0;0;0;0;0;0;0
"29/10/2024";"05:12:00";"194";"Sem vítima";"875,200";"BR-163/MT";"Crescente";"Saída de pista";0;0;1;0;0;0;0;0;0;0;0;0;0;0;0
"29/10/2024";"07:04:00";"196";"Com vítima";"875,200";"BR-163/MT";"Crescente";"Queda de moto";0;0;0;1;0;0;0;0;0;0;0;1;0;0;0
"30/10/2024";"02:01:00";"87";"Sem vítima";"1003,32";"BR-163/MT";"Crescente";"Atropelamento de animal";0;0;0;0;0;0;0;0;0;1;0;0;0;0;0
"30/10/2024";"11:00:00";"158";"Com vítima";"1031,54";"BR-163/MT";"Crescente";"Colisão lateral no mesmo sentido";0;0;0;1;0;0;0;0;0;0;0;1;0;0;0
"30/10/2024";"10:42:00";"211";"Sem vítima";"863,551";"BR-163/MT";"Crescente";"Atropelamento de animal";1;0;0;0;0;0;0;0;0;0;0;0;0;0;0
"31/10/2024";"08:23:00";"71";"Sem vítima";"501,718";"BR-163/PA";"Crescente";"Tombamento";0;0;1;0;0;0;0;0;0;0;0;0;0;0;0
"31/10/2024";"08:28:00";"72";"Sem vítima";"957,326";"BR-163/MT";"Crescente";"Saída de pista";0;0;0;0;0;0;0;0;0;1;0;0;0;0;0
"31/10/2024";"04:00:00";"177";"Com vítima";"860,178";"BR-163/MT";"Decrescente";"Saída de pista";0;0;1;0;0;0;0;0;0;0;0;0;1;0;0
"31/10/2024";"11:23:00";"207";"Sem vítima";"406,832";"BR-163/PA";"Crescente";"Atropelamento de animal";1;0;0;0;0;0;0;0;0;0;0;0;0;0;0
"01/11/2024";"05:23:00";"111";"Sem vítima";"396,405";"BR-163/PA";"Decrescente";"Tombamento";0;0;1;0;0;0;0;0;0;0;0;0;0;0;0
"01/11/2024";"06:28:00";"131";"Sem vítima";"941,549";"BR-163/MT";"Crescente";"Atropelamento de animal";0;0;1;0;0;0;0;0;0;0;0;0;0;0;0
"01/11/2024";"09:26:00";"156";"Sem vítima";"398,500";"BR-163/PA";"Decrescente";"Atropelamento de animal";0;0;1;0;0;0;0;0;0;0;0;0;0;0;0
"02/11/2024";"03:23:00";"57";"Sem vítima";"515,309";"BR-163/PA";"Crescente";"Tombamento";0;0;1;0;0;0;0;0;0;0;0;0;0;0;0
"02/11/2024";"07:06:00";"68";"Com vítima";"167,974";"BR-163/PA";"Crescente";"Colisão transversal";0;0;1;0;0;0;0;0;0;1;1;1;0;0;0
"02/11/2024";"11:36:00";"99";"Sem vítima";"1010,87";"BR-163/MT";"Crescente";"Colisão lateral no mesmo sentido";1;0;1;0;0;0;0;0;0;0;0;0;0;0;0
"02/11/2024";"11:46:00";"100";"Sem vítima";"1113,13";"BR-230/PA";"Crescente";"Tombamento";0;0;1;0;0;0;0;0;0;0;0;0;0;0;0
"02/11/2024";"12:09:00";"101";"Sem vítima";"106,482";"BR-163/PA";"Crescente";"Tombamento";0;0;1;0;0;0;0;0;0;0;0;0;0;0;0
"02/11/2024";"06:36:00";"120";"Com vítima";"324,450";"BR-163/PA";"Decrescente";"Queda de moto";0;0;0;1;0;0;0;0;0;0;0;1;0;0;0
"02/11/2024";"07:35:00";"125";"Com vítima";"278,600";"BR-163/PA";"Crescente";"Colisão transversal";0;0;1;1;0;0;0;0;0;0;1;1;0;0;2
"03/11/2024";"04:46:00";"37";"Sem vítima";"388,790";"BR-163/PA";"Crescente";"Saída de pista";1;0;0;0;0;0;0;0;0;0;0;0;0;0;0
"03/11/2024";"06:19:00";"39";"Com vítima";"874,429";"BR-163/MT";"Crescente";"Tombamento";0;0;1;0;0;0;0;0;0;0;0;0;1;0;0
"03/11/2024";"12:09:00";"83";"Sem vítima";"610,500";"BR-163/PA";"Crescente";"Tombamento";0;0;1;0;0;0;0;0;0;0;0;0;0;0;0
"03/11/2024";"04:07:00";"102";"Com vítima";"46,287";"BR-163/PA";"Decrescente";"Saída de pista";0;0;1;0;0;0;0;0;0;0;0;1;0;0;0
"03/11/2024";"05:42:00";"109";"Com vítima";"308,200";"BR-163/PA";"Decrescente";"Capotamento";0;0;0;0;0;0;0;0;0;1;0;1;0;0;0
"04/11/2024";"08:44:00";"127";"Sem vítima";"1033,40";"BR-163/MT";"Decrescente";"Colisão traseira";1;0;0;0;0;0;0;0;0;0;0;0;0;0;0
"05/11/2024";"05:06:00";"98";"Com vítima";"1064,68";"BR-163/MT";"Crescente";"Colisão lateral no mesmo sentido";0;0;1;0;0;0;0;0;0;1;2;1;0;0;0
"06/11/2024";"11:50:00";"149";"Sem vítima";"240,488";"BR-163/PA";"Crescente";"Saída de pista";0;0;0;0;0;0;0;0;0;1;0;0;0;0;0
"06/11/2024";"07:02:00";"174";"Sem vítima";"1023,19";"BR-163/MT";"Decrescente";"Saída de pista";1;0;0;0;0;0;0;0;0;0;0;0;0;0;0
"07/11/2024";"06:43:00";"108";"Sem vítima";"906,691";"BR-163/MT";"Crescente";"Colisão lateral no mesmo sentido";0;0;1;0;0;0;0;0;0;1;0;0;0;0;0
"07/11/2024";"11:43:00";"198";"Sem vítima";"1099,03";"BR-163/MT";"Crescente";"Atropelamento de animal";0;0;0;0;0;0;0;0;0;1;0;0;0;0;0
"08/11/2024";"10:14:00";"145";"Com vítima";"292,416";"BR-163/PA";"Crescente";"Colisão lateral no mesmo sentido";0;0;2;0;0;0;0;0;0;0;0;0;0;1;0
"08/11/2024";"01:56:00";"163";"Sem vítima";"366,653";"BR-163/PA";"Decrescente";"Saída de pista";0;0;0;0;0;0;0;0;0;1;0;0;0;0;0
"08/11/2024";"08:40:00";"180";"Sem vítima";"80,103";"BR-163/PA";"Crescente";"Choque";0;0;0;0;0;0;0;0;0;1;0;0;0;0;0
"09/11/2024";"01:25:00";"41";"Sem vítima";"297,292";"BR-163/PA";"Decrescente";"Atropelamento de animal";0;0;0;0;0;0;0;0;0;1;0;0;0;0;0
"09/11/2024";"12:48:00";"123";"Com vítima";"1066,73";"BR-163/MT";"Crescente";"Colisão transversal";2;0;0;0;0;0;0;0;0;0;0;2;0;0;0
"09/11/2024";"01:03:00";"127";"Sem vítima";"980,130";"BR-163/MT";"Crescente";"Colisão traseira";0;0;0;0;0;0;0;0;0;2;0;0;0;0;0
"09/11/2024";"03:31:00";"141";"Sem vítima";"91,100";"BR-163/PA";"Crescente";"Tombamento";0;0;1;0;0;0;0;0;0;0;0;0;0;0;0
"09/11/2024";"09:15:00";"167";"Com vítima";"1030,56";"BR-163/MT";"Crescente";"Colisão traseira";0;0;1;0;0;0;0;0;0;1;1;1;0;0;0
"10/11/2024";"12:56:00";"15";"Sem vítima";"103,772";"BR-163/PA";"Decrescente";"Saída de pista";0;0;0;0;0;0;0;0;0;1;0;0;0;0;0
"10/11/2024";"02:15:00";"42";"Com vítima";"137,385";"BR-163/PA";"Crescente";"Atropelamento de animal";0;0;0;1;0;0;0;0;0;0;0;1;0;0;0
"10/11/2024";"07:25:00";"62";"Sem vítima";"1102,51";"BR-163/MT";"Decrescente";"Tombamento";0;0;1;0;0;0;0;0;0;0;0;0;0;0;0
"10/11/2024";"12:32:00";"82";"Com vítima";"1053,10";"BR-163/MT";"Decrescente";"Queda de moto";0;0;0;1;0;0;0;0;0;0;0;1;0;0;0
"10/11/2024";"12:40:00";"83";"Com vítima";"873,087";"BR-163/MT";"Decrescente";"Saída de pista";1;0;0;0;0;0;0;0;0;0;0;1;0;0;0
"10/11/2024";"06:55:00";"110";"Sem vítima";"1042,24";"BR-163/MT";"Crescente";"Colisão traseira";0;0;1;0;0;0;0;0;0;1;0;0;0;0;0
"10/11/2024";"09:48:00";"124";"Com vítima";"948,817";"BR-163/MT";"Decrescente";"Colisão frontal";0;0;0;2;0;0;0;0;0;0;1;1;0;0;0
"11/11/2024";"04:38:00";"103";"Sem vítima";"598,098";"BR-163/PA";"Crescente";"Tombamento";0;0;1;0;0;0;0;0;0;0;0;0;0;0;0
"11/11/2024";"05:35:00";"108";"Sem vítima";"625,200";"BR-163/PA";"Crescente";"Saída de pista";1;0;0;0;0;0;0;0;0;0;0;0;0;0;0
"11/11/2024";"09:51:00";"152";"Com vítima";"433,160";"BR-163/PA";"Crescente";"Tombamento";0;0;1;0;0;0;0;0;0;0;0;1;0;0;0
"11/11/2024";"02:28:00";"172";"Com vítima";"858,517";"BR-163/MT";"Decrescente";"Atropelamento de pedestre";0;0;0;0;0;0;0;0;0;1;0;1;0;0;0
"11/11/2024";"04:56:00";"182";"Com vítima";"162,204";"BR-163/PA";"Decrescente";"Colisão transversal";0;0;0;1;0;0;0;0;0;1;1;1;0;0;0
"11/11/2024";"09:58:00";"204";"Com vítima";"622,288";"BR-163/PA";"Decrescente";"Saída de pista";0;0;1;0;0;0;0;0;0;0;0;1;0;0;0
"12/11/2024";"05:26:00";"108";"Sem vítima";"1109,17";"BR-163/MT";"Decrescente";"Colisão traseira";0;0;1;0;0;0;0;0;0;1;0;0;0;0;0
"12/11/2024";"06:20:00";"110";"Sem vítima";"252,391";"BR-163/PA";"Crescente";"Tombamento";0;0;1;0;0;0;0;0;0;0;0;0;0;0;0
"12/11/2024";"06:45:00";"112";"Com vítima";"1026,62";"BR-163/MT";"Decrescente";"Capotamento";1;0;0;0;0;0;0;0;0;0;0;1;0;0;0
"12/11/2024";"07:48:00";"118";"Com vítima";"105,693";"BR-163/PA";"Crescente";"Tombamento";0;0;1;0;0;0;0;0;0;0;0;1;0;0;0
"12/11/2024";"09:57:00";"129";"Com vítima";"891,000";"BR-163/MT";"Crescente";"Colisão traseira";1;0;0;0;0;0;0;0;0;0;0;1;0;0;0
"12/11/2024";"09:22:00";"172";"Com vítima";"455,813";"BR-163/PA";"Decrescente";"Atropelamento de animal";0;0;0;0;0;0;0;0;0;1;0;1;0;0;0
"13/11/2024";"05:47:00";"110";"Sem vítima";"603,700";"BR-163/PA";"Decrescente";"Atropelamento de animal";0;0;1;0;0;0;0;0;0;0;0;0;0;0;0
"14/11/2024";"07:43:00";"189";"Com vítima";"155,968";"BR-163/PA";"Crescente";"Colisão frontal";1;0;0;0;0;0;0;0;0;1;1;1;0;0;0
"14/11/2024";"11:56:00";"201";"Sem vítima";"511,110";"BR-163/PA";"Decrescente";"Saída de pista";0;0;1;0;0;0;0;0;0;0;0;0;0;0;0
"15/11/2024";"03:58:00";"154";"Sem vítima";"886,122";"BR-163/MT";"Crescente";"Saída de pista";0;0;0;0;0;0;0;0;0;1;0;0;0;0;0
"15/11/2024";"06:56:00";"170";"Com vítima";"1045,77";"BR-163/MT";"Crescente";"Colisão traseira";2;0;0;0;0;0;0;0;0;0;1;1;0;0;0
"15/11/2024";"08:00:00";"174";"Sem vítima";"578,700";"BR-163/PA";"Crescente";"Saída de pista";1;0;0;0;0;0;0;0;0;0;0;0;0;0;0
"16/11/2024";"06:13:00";"71";"Com vítima";"612,370";"BR-163/PA";"Crescente";"Queda de moto";0;0;0;1;0;0;0;0;0;0;0;0;0;0;1
"17/11/2024";"12:30:00";"28";"Com vítima";"167,803";"BR-163/PA";"Decrescente";"Atropelamento de animal";1;0;0;0;0;0;0;0;0;0;0;0;0;0;0
"17/11/2024";"06:54:00";"127";"Com vítima";"1026,41";"BR-163/MT";"Decrescente";"Atropelamento de animal";1;0;0;0;0;0;0;0;0;0;0;0;0;0;0
"17/11/2024";"07:16:00";"129";"Sem vítima";"39,073";"BR-163/PA";"Crescente";"Tombamento";0;0;1;0;0;0;0;0;0;0;0;0;0;0;0
"17/11/2024";"07:23:00";"130";"Com vítima";"1014,51";"BR-163/MT";"Decrescente";"Colisão traseira";1;0;1;0;0;0;0;0;0;0;2;1;0;0;0
"18/11/2024";"12:00:00";"198";"Com vítima";"24,908";"BR-163/PA";"Crescente";"Saída de pista";1;0;0;0;0;0;0;0;0;0;0;1;0;0;0
"18/11/2024";"12:27:00";"20";"Com vítima";"552,705";"BR-163/PA";"Decrescente";"Atropelamento de animal";0;0;0;1;0;0;0;0;0;0;0;1;0;0;0
"18/11/2024";"11:11:00";"162";"Sem vítima";"417,069";"BR-163/PA";"Decrescente";"Saída de pista";0;0;0;0;0;0;0;0;0;1;2;0;0;0;0
"18/11/2024";"04:54:00";"186";"Sem vítima";"1102,82";"BR-163/MT";"Decrescente";"Colisão lateral no mesmo sentido";0;0;2;0;0;0;0;0;0;0;0;0;0;0;0
"18/11/2024";"09:29:00";"190";"Sem vítima";"993,140";"BR-163/MT";"Decrescente";"Saída de pista";1;0;0;0;0;0;0;0;0;0;0;0;0;0;0
"20/11/2024";"07:48:00";"78";"Com vítima";"197,778";"BR-163/PA";"Crescente";"Tombamento";0;0;1;0;0;0;0;0;0;0;0;1;0;0;0
"20/11/2024";"09:32:00";"101";"Com vítima";"986,510";"BR-163/MT";"Decrescente";"Colisão traseira";0;0;2;0;0;0;0;0;0;1;2;2;0;0;0
"21/11/2024";"12:00:00";"185";"Com vítima";"419,500";"BR-163/PA";"Decrescente";"Tombamento";0;0;1;0;0;0;0;0;0;0;0;1;0;0;0
"21/11/2024";"09:51:00";"152";"Com vítima";"1111,31";"BR-163/MT";"Decrescente";"Tombamento";0;0;1;0;0;0;0;0;0;0;0;1;0;0;0
"21/11/2024";"07:52:00";"208";"Sem vítima";"995,537";"BR-163/MT";"Crescente";"Colisão traseira";0;0;1;0;0;0;0;0;0;1;0;0;0;0;0
"21/11/2024";"09:19:00";"215";"Sem vítima";"923,539";"BR-163/MT";"Decrescente";"Atropelamento de animal";1;0;0;0;0;0;0;0;0;0;0;0;0;0;0
"21/11/2024";"11:55:00";"225";"Com vítima";"171,642";"BR-163/PA";"Decrescente";"Capotamento";0;0;0;0;0;0;0;0;0;1;0;1;0;0;0
"22/11/2024";"12:00:00";"112";"Com vítima";"310,571";"BR-163/PA";"Crescente";"Colisão frontal";0;0;1;1;0;0;0;0;0;0;0;1;0;0;0
"22/11/2024";"02:11:00";"170";"Com vítima";"1030,08";"BR-163/MT";"Crescente";"Colisão transversal";1;0;1;0;0;0;0;0;0;0;2;2;0;0;0
"22/11/2024";"04:59:00";"177";"Sem vítima";"958,692";"BR-163/MT";"Decrescente";"Capotamento";0;0;1;0;0;0;0;0;0;0;0;0;0;0;0
"22/11/2024";"06:39:00";"2";"Sem vítima";"385,001";"BR-163/PA";"Decrescente";"Atropelamento de animal";0;0;0;0;0;0;0;0;0;1;0;0;0;0;0
"23/11/2024";"03:28:00";"132";"Com vítima";"26,300";"BR-163/PA";"Crescente";"Capotamento";1;0;0;0;0;0;0;0;0;0;0;2;0;0;0
"23/11/2024";"10:51:00";"165";"Com vítima";"6,615";"BR-163/PA";"Crescente";"Saída de pista";0;0;1;0;0;0;0;0;0;0;0;1;0;0;0
"24/11/2024";"06:41:00";"49";"Com vítima";"1082,38";"BR-163/MT";"Crescente";"Saída de pista";0;0;1;0;0;0;0;0;0;0;0;0;0;2;0
"24/11/2024";"06:58:00";"53";"Sem vítima";"665,700";"BR-163/PA";"Decrescente";"Tombamento";0;0;1;0;0;0;0;0;0;0;0;0;0;0;0
"24/11/2024";"07:12:00";"55";"Com vítima";"929,954";"BR-163/MT";"Crescente";"Saída de pista";1;0;0;0;0;0;0;0;0;0;0;1;0;0;0
"25/11/2024";"04:20:00";"98";"Com vítima";"1122,64";"BR-230/PA";"Decrescente";"Atropelamento de animal";0;0;1;0;0;0;0;0;0;0;0;0;0;0;0
"25/11/2024";"08:01:00";"132";"Com vítima";"994,026";"BR-163/MT";"Crescente";"Capotamento";1;0;0;0;0;0;0;0;0;0;0;1;0;0;0
"25/11/2024";"09:39:00";"150";"Com vítima";"410,245";"BR-163/PA";"Decrescente";"Colisão lateral no mesmo sentido";0;0;0;1;0;0;0;0;0;1;1;2;0;0;0
"25/11/2024";"01:47:00";"169";"Com vítima";"358,400";"BR-163/PA";"Crescente";"Colisão frontal";1;0;0;0;0;0;0;0;0;1;0;0;2;2;0
"25/11/2024";"07:30:00";"196";"Com vítima";"410,913";"BR-163/PA";"Crescente";"Atropelamento de pedestre";0;0;0;0;0;0;0;0;0;0;0;1;0;0;0
"26/11/2024";"06:37:00";"103";"Com vítima";"970,297";"BR-163/MT";"Decrescente";"Colisão traseira";0;0;1;0;1;0;0;0;0;0;41;1;0;0;0
"26/11/2024";"09:38:00";"127";"Sem vítima";"503,819";"BR-163/PA";"Crescente";"Tombamento";0;0;1;0;0;0;0;0;0;0;0;0;0;0;0
"26/11/2024";"06:03:00";"154";"Sem vítima";"1032,11";"BR-163/MT";"Crescente";"Colisão lateral no mesmo sentido";2;0;0;0;0;0;0;0;0;0;0;0;0;0;0
"26/11/2024";"06:46:00";"159";"Com vítima";"312,272";"BR-163/PA";"Crescente";"Colisão frontal";1;0;0;1;0;0;0;0;0;0;1;1;0;0;0
"27/11/2024";"01:38:00";"168";"Com vítima";"953,307";"BR-163/MT";"Crescente";"Colisão traseira";1;0;1;0;0;0;0;0;0;0;5;1;0;0;0
"27/11/2024";"07:01:00";"192";"Sem vítima";"1026,42";"BR-163/MT";"Decrescente";"Atropelamento de animal";1;0;0;0;0;0;0;0;0;0;0;0;0;0;0
"28/11/2024";"06:20:00";"98";"Sem vítima";"558,122";"BR-163/PA";"Decrescente";"Choque";0;0;1;0;0;0;0;0;0;0;0;0;0;0;0
"28/11/2024";"02:14:00";"167";"Com vítima";"1127,28";"BR-230/PA";"Crescente";"Colisão transversal";0;0;0;1;0;0;0;0;0;0;0;2;0;0;0
"29/11/2024";"11:15:00";"151";"Com vítima";"579,895";"BR-163/PA";"Crescente";"Queda de moto";0;0;0;1;0;0;0;0;0;0;0;0;2;0;0
"29/11/2024";"01:19:00";"161";"Sem vítima";"315,180";"BR-163/PA";"Decrescente";"Colisão transversal";0;0;1;0;0;0;0;0;0;1;0;0;0;0;0
"29/11/2024";"04:22:00";"171";"Com vítima";"186,760";"BR-163/PA";"Crescente";"Colisão lateral no mesmo sentido";0;0;2;0;0;0;0;0;0;0;2;2;0;0;0
"29/11/2024";"05:09:00";"175";"Com vítima";"1030,48";"BR-163/MT";"Crescente";"Colisão transversal";0;0;0;1;0;0;0;0;0;1;2;2;0;0;0
"30/11/2024";"07:03:00";"66";"Com vítima";"302,975";"BR-163/PA";"Decrescente";"Queda de moto";0;0;0;1;0;0;0;0;0;0;0;2;0;0;0
"30/11/2024";"10:59:00";"85";"Com vítima";"56,117";"BR-163/PA";"Crescente";"Capotamento";2;0;0;0;0;0;0;0;0;0;1;1;0;0;0
"30/11/2024";"05:36:00";"107";"Sem vítima";"440,733";"BR-163/PA";"Decrescente";"Saída de pista";0;0;1;0;0;0;0;0;0;0;0;0;0;0;0
"01/12/2024";"12:00:00";"44";"Sem vítima";"104,942";"BR-163/PA";"Crescente";"Tombamento";0;0;1;0;0;0;0;0;0;0;0;0;0;0;0