data;horario;n_da_ocorrencia;tipo_de_ocorrencia;km;trecho;sentido;tipo_de_acidente;automovel;bicicleta;caminhao;moto;onibus;outros;tracao_animal;transporte_de_cargas_especiais;trator_maquinas;utilitarios;ilesos;levemente_feridos;moderadamente_feridos;gravemente_feridos;mortos
"01/12/2024";"06:03:00";"37";"Sem vítima";"503,500";"BR-163/PA";"Crescente";"Colisão lateral no mesmo sentido";0;0;2;0;0;0;0;0;0;0;0;0;0;0;0
"01/12/2024";"08:03:00";"58";"Sem vítima";"876,784";"BR-163/MT";"Crescente";"Tombamento";0;0;1;0;0;0;0;0;0;0;0;0;0;0;0
"01/12/2024";"06:44:00";"96";"Com vítima";"312,730";"BR-163/PA";"Decrescente";"Queda de moto";0;0;0;1;0;0;0;0;0;0;0;1;0;0;0
"01/12/2024";"07:59:00";"103";"Sem vítima";"951,589";"BR-163/MT";"Decrescente";"Capotamento";0;0;1;0;0;0;0;0;0;1;0;0;0;0;0
"02/12/2024";"10:30:00";"139";"Sem vítima";"494,820";"BR-163/PA";"Crescente";"Tombamento";0;0;1;0;0;0;0;0;0;0;0;0;0;0;0
"02/12/2024";"07:38:00";"164";"Sem vítima";"124,400";"BR-163/PA";"Crescente";"Tombamento";0;0;1;0;0;0;0;0;0;0;0;0;0;0;0
"03/12/2024";"12:00:00";"158";"Sem vítima";"970,860";"BR-163/MT";"Crescente";"Tombamento";0;0;1;0;0;0;0;0;0;0;0;0;0;0;0
"03/12/2024";"05:34:00";"88";"Com vítima";"980,470";"BR-163/MT";"Decrescente";"Colisão frontal";0;0;2;0;0;0;0;0;0;0;0;2;0;0;0
"03/12/2024";"09:32:00";"119";"Sem vítima";"944,759";"BR-163/MT";"Crescente";"Saída de pista";1;0;0;0;0;0;0;0;0;0;0;0;0;0;0
"03/12/2024";"01:27:00";"138";"Sem vítima";"433,111";"BR-163/PA";"Crescente";"Tombamento";0;0;1;0;0;0;0;0;0;0;0;0;0;0;0
"04/12/2024";"12:00:00";"104";"Sem vítima";"1003,52";"BR-163/MT";"Crescente";"Atropelamento de animal";1;0;0;0;0;0;0;0;0;0;0;0;0;0;0
"04/12/2024";"07:38:00";"124";"Sem vítima";"892,977";"BR-163/MT";"Crescente";"Colisão traseira";1;0;0;0;0;0;0;0;0;0;0;0;0;0;0
"04/12/2024";"12:07:00";"151";"Com vítima";"291,750";"BR-163/PA";"Decrescente";"Queda de moto";0;0;0;1;0;0;0;0;0;0;0;1;0;0;0
"04/12/2024";"07:32:00";"177";"Sem vítima";"526,434";"BR-163/PA";"Crescente";"Atropelamento de animal";0;0;0;0;0;0;0;0;0;1;0;0;0;0;0
"04/12/2024";"09:30:00";"183";"Com vítima";"616,141";"BR-163/PA";"Crescente";"Queda de moto";0;0;0;1;0;0;0;0;0;0;0;1;0;0;0
"05/12/2024";"09:30:00";"145";"Sem vítima";"970,500";"BR-163/MT";"Decrescente";"Saída de pista";0;0;1;0;0;0;0;0;0;0;0;0;0;0;0
"05/12/2024";"12:05:00";"167";"Com vítima";"122,025";"BR-163/PA";"Decrescente";"Colisão frontal";0;0;1;1;0;0;0;0;0;0;1;0;0;0;1
"05/12/2024";"03:42:00";"192";"Sem vítima";"501,872";"BR-163/PA";"Decrescente";"Saída de pista";0;0;0;0;0;0;0;0;0;1;0;0;0;0;0
"05/12/2024";"04:52:00";"197";"Com vítima";"425,300";"BR-163/PA";"Crescente";"Colisão transversal";0;0;2;0;0;0;0;0;0;0;2;2;0;0;0
"06/12/2024";"11:36:00";"195";"Com vítima";"1035,10";"BR-163/MT";"Decrescente";"Colisão traseira";0;1;0;1;0;0;0;0;0;0;0;2;0;0;0
"07/12/2024";"03:40:00";"65";"Com vítima";"1113,09";"BR-230/PA";"Crescente";"Queda de moto";0;0;0;1;0;0;0;0;0;0;0;1;0;0;0
"07/12/2024";"06:31:00";"180";"Com vítima";"410,182";"BR-163/PA";"Crescente";"Saída de pista";0;0;0;0;0;0;0;0;0;1;0;1;0;0;0
"07/12/2024";"09:05:00";"190";"Com vítima";"1031,02";"BR-163/MT";"Decrescente";"Colisão traseira";1;0;0;1;0;0;0;0;0;0;1;3;0;0;0
"08/12/2024";"04:24:00";"39";"Sem vítima";"622,827";"BR-163/PA";"Decrescente";"Saída de pista";0;0;1;0;0;0;0;0;0;0;1;0;0;0;0
"08/12/2024";"08:20:00";"52";"Com vítima";"546,964";"BR-163/PA";"Decrescente";"Queda de moto";0;0;0;1;0;0;0;0;0;0;0;2;0;0;0
"08/12/2024";"08:05:00";"93";"Com vítima";"452,120";"BR-163/PA";"Decrescente";"Tombamento";0;0;1;0;0;0;0;0;0;0;0;1;0;0;0
"09/12/2024";"07:18:00";"95";"Com vítima";"1050,10";"BR-163/MT";"Decrescente";"Colisão lateral no mesmo sentido";0;0;0;1;0;0;0;0;0;1;3;1;0;0;0
"09/12/2024";"01:20:00";"137";"Sem vítima";"857,326";"BR-163/MT";"Crescente";"Colisão traseira";0;0;0;0;0;0;0;0;0;1;1;0;0;0;0
"09/12/2024";"01:41:00";"142";"Com vítima";"29,230";"BR-163/PA";"Crescente";"Saída de pista";1;0;0;0;0;0;0;0;0;0;0;1;0;0;0
"10/12/2024";"12:39:00";"15";"Sem vítima";"91,740";"BR-163/PA";"Crescente";"Atropelamento de animal";0;0;0;0;0;0;0;0;0;1;1;0;0;0;0
"10/12/2024";"01:30:00";"38";"Sem vítima";"400,307";"BR-163/PA";"Decrescente";"Atropelamento de animal";0;0;0;0;1;0;0;0;0;0;1;0;0;0;0
"10/12/2024";"01:54:00";"154";"Com vítima";"54,090";"BR-163/PA";"Decrescente";"Choque";0;0;1;0;0;0;0;0;0;0;0;1;0;0;0
"13/12/2024";"08:36:00";"127";"Com vítima";"311,350";"BR-163/PA";"Crescente";"Colisão transversal";0;0;0;1;0;0;0;0;0;0;0;1;0;0;0
"13/12/2024";"06:04:00";"206";"Com vítima";"397,192";"BR-163/PA";"Crescente";"Queda de moto";0;0;0;1;0;0;0;0;0;0;0;0;1;0;0
"13/12/2024";"08:01:00";"216";"Com vítima";"519,172";"BR-163/PA";"Crescente";"Colisão traseira";0;0;0;0;0;0;0;0;0;1;0;3;1;1;0
"13/12/2024";"10:35:00";"225";"Com vítima";"938,768";"BR-163/MT";"Crescente";"Colisão traseira";1;0;0;0;0;0;0;0;0;0;0;1;0;0;0
"14/12/2024";"12:18:00";"2";"Sem vítima";"170,129";"BR-163/PA";"Crescente";"Queda de moto";0;0;0;1;0;0;0;0;0;0;2;0;0;0;0
"14/12/2024";"08:05:00";"65";"Sem vítima";"935,500";"BR-163/MT";"Decrescente";"Saída de pista";1;0;0;0;0;0;0;0;0;0;3;0;0;0;0
"14/12/2024";"09:22:00";"79";"Sem vítima";"917,445";"BR-163/MT";"Decrescente";"Colisão traseira";1;0;0;0;0;0;0;0;0;1;2;0;0;0;0
"14/12/2024";"10:21:00";"85";"Sem vítima";"948,100";"BR-163/MT";"Decrescente";"Colisão traseira";0;0;2;0;0;0;0;0;0;0;2;0;0;0;0
"14/12/2024";"10:31:00";"134";"Sem vítima";"1006,45";"BR-163/MT";"Crescente";"Atropelamento de animal";0;0;0;0;0;0;0;0;0;1;1;0;0;0;0
"15/12/2024";"08:23:00";"74";"Sem vítima";"1032,88";"BR-163/MT";"Decrescente";"Colisão traseira";0;0;0;0;0;0;0;0;0;2;5;0;0;0;0
"15/12/2024";"11:56:00";"101";"Sem vítima";"1037,55";"BR-163/MT";"Crescente";"Colisão traseira";2;0;0;0;0;0;0;0;0;0;9;0;0;0;0
"15/12/2024";"03:01:00";"114";"Com vítima";"880,059";"BR-163/MT";"Crescente";"Colisão lateral no mesmo sentido";0;0;0;0;0;0;0;0;0;2;1;2;0;0;0
"15/12/2024";"04:09:00";"120";"Com vítima";"936,134";"BR-163/MT";"Crescente";"Colisão transversal";0;0;0;0;0;0;0;0;0;2;0;2;0;0;0
"15/12/2024";"07:39:00";"135";"Sem vítima";"598,543";"BR-163/PA";"Decrescente";"Atropelamento de animal";1;0;0;0;0;0;0;0;0;0;5;0;0;0;0
"15/12/2024";"11:00:00";"140";"Com vítima";"1064,05";"BR-163/MT";"Decrescente";"Colisão traseira";1;0;1;0;0;0;0;0;0;0;0;2;0;0;0
"16/12/2024";"08:16:00";"130";"Com vítima";"900,070";"BR-163/MT";"Crescente";"Colisão transversal";0;0;0;0;0;0;0;0;0;2;2;3;0;0;0
"17/12/2024";"12:39:00";"165";"Com vítima";"89,165";"BR-163/PA";"Decrescente";"Capotamento";1;0;0;0;0;0;0;0;0;0;0;1;0;0;0
"18/12/2024";"06:53:00";"183";"Sem vítima";"1096,14";"BR-163/MT";"Decrescente";"Atropelamento de animal";1;0;0;0;0;0;0;0;0;0;1;0;0;0;0
"19/12/2024";"03:47:00";"97";"Sem vítima";"985,486";"BR-163/MT";"Decrescente";"Colisão traseira";1;0;0;0;0;0;0;0;0;0;4;0;0;0;0
"19/12/2024";"03:43:00";"208";"Sem vítima";"419,487";"BR-163/PA";"Decrescente";"Capotamento";0;0;0;0;0;0;0;0;0;1;2;0;0;0;0
"19/12/2024";"04:19:00";"216";"Sem vítima";"904,500";"BR-163/MT";"Decrescente";"Colisão traseira";0;0;2;0;0;0;0;0;0;0;2;0;0;0;0
"20/12/2024";"10:09:00";"154";"Sem vítima";"1018,75";"BR-163/MT";"Decrescente";"Tombamento";0;0;1;0;0;0;0;0;0;0;1;0;0;0;0
"20/12/2024";"10:55:00";"157";"Sem vítima";"941,196";"BR-163/MT";"Crescente";"Colisão lateral no mesmo sentido";1;0;1;0;0;0;0;0;0;0;2;0;0;0;0
"20/12/2024";"02:24:00";"173";"Sem vítima";"925,335";"BR-163/MT";"Crescente";"Tombamento";0;0;1;0;0;0;0;0;0;0;2;0;0;0;0
"21/12/2024";"06:17:00";"71";"Com vítima";"1128,90";"BR-230/PA";"Crescente";"Tombamento";0;0;1;0;0;0;0;0;0;0;0;1;0;0;0
"21/12/2024";"06:47:00";"75";"Sem vítima";"942,361";"BR-163/MT";"Crescente";"Colisão traseira";1;0;0;0;0;0;0;0;0;1;6;0;0;0;0
"21/12/2024";"08:47:00";"106";"Sem vítima";"926,640";"BR-163/MT";"Crescente";"Colisão traseira";1;0;0;0;0;0;0;0;0;0;1;0;0;0;0
"21/12/2024";"04:08:00";"169";"Sem vítima";"934,547";"BR-163/MT";"Crescente";"Saída de pista";1;0;0;0;0;0;0;0;0;0;2;0;0;0;0
"21/12/2024";"04:41:00";"175";"Com vítima";"1069,06";"BR-163/MT";"Crescente";"Saída de pista";1;0;0;0;0;0;0;0;0;0;0;2;0;0;0
"22/12/2024";"12:36:00";"11";"Sem vítima";"1117,15";"BR-230/PA";"Crescente";"Atropelamento de animal";0;0;0;0;0;0;0;0;0;1;1;0;0;0;0
"22/12/2024";"02:56:00";"38";"Sem vítima";"1017,87";"BR-163/MT";"Crescente";"Saída de pista";1;0;0;0;0;0;0;0;0;0;1;0;0;0;0
"22/12/2024";"10:51:00";"76";"Com vítima";"1102,50";"BR-163/MT";"Decrescente";"Saída de pista";0;0;1;0;0;0;0;0;0;0;0;0;0;2;0
"22/12/2024";"11:24:00";"79";"Sem vítima";"1103,39";"BR-163/MT";"Decrescente";"Capotamento";0;0;0;0;0;0;0;0;0;1;1;0;0;0;0
"22/12/2024";"02:55:00";"93";"Com vítima";"557,990";"BR-163/PA";"Crescente";"Tombamento";0;0;1;0;0;0;0;0;0;0;0;1;0;0;0
"23/12/2024";"08:36:00";"119";"Com vítima";"312,828";"BR-163/PA";"Crescente";"Colisão transversal";0;0;0;1;0;0;0;0;0;0;0;1;0;0;0
"23/12/2024";"12:14:00";"156";"Sem vítima";"1089,32";"BR-163/MT";"Decrescente";"Choque";0;0;0;0;0;0;0;0;0;0;0;0;0;0;0
"23/12/2024";"12:47:00";"162";"Sem vítima";"327,466";"BR-163/PA";"Decrescente";"Saída de pista";1;0;0;0;0;0;0;0;0;0;1;0;0;0;0
"23/12/2024";"05:00:00";"185";"Sem vítima";"190,221";"BR-163/PA";"Crescente";"Saída de pista";1;0;0;0;0;0;0;0;0;0;1;0;0;0;0
"24/12/2024";"01:04:00";"112";"Sem vítima";"643,500";"BR-163/PA";"Crescente";"Saída de pista";0;0;0;0;0;0;0;0;0;1;3;0;0;0;0
"25/12/2024";"06:47:00";"36";"Com vítima";"305,062";"BR-163/PA";"Decrescente";"Saída de pista";0;0;0;0;0;0;0;0;0;1;0;1;0;0;0
"25/12/2024";"10:26:00";"68";"Sem vítima";"1116,18";"BR-230/PA";"Decrescente";"Saída de pista";0;0;0;0;0;0;0;0;0;1;2;0;0;0;0
"25/12/2024";"12:19:00";"78";"Sem vítima";"668,000";"BR-163/PA";"Decrescente";"Saída de pista";1;0;0;0;0;0;0;0;0;0;1;0;0;0;0
"25/12/2024";"06:27:00";"107";"Com vítima";"1035,98";"BR-163/MT";"Decrescente";"Colisão transversal";1;0;0;1;0;0;0;0;0;0;2;1;0;0;0
"25/12/2024";"09:23:00";"119";"Com vítima";"33,939";"BR-163/PA";"Crescente";"Capotamento";0;0;0;0;0;0;0;0;0;1;0;9;0;6;0
"25/12/2024";"09:42:00";"120";"Com vítima";"1070,50";"BR-163/MT";"Decrescente";"Atropelamento de pedestre";0;0;0;0;0;0;0;0;0;0;0;0;0;0;1
"26/12/2024";"01:16:00";"149";"Com vítima";"1034,27";"BR-163/MT";"Crescente";"Saída de pista";1;0;0;0;0;0;0;0;0;0;0;3;0;0;0
"27/12/2024";"03:15:00";"102";"Sem vítima";"1005,26";"BR-163/MT";"Crescente";"Colisão lateral no mesmo sentido";0;0;0;0;0;0;0;0;0;1;1;0;0;0;0
"27/12/2024";"07:19:00";"222";"Sem vítima";"901,607";"BR-163/MT";"Decrescente";"Atropelamento de animal";0;0;0;0;0;0;0;0;0;1;2;0;0;0;0
"27/12/2024";"07:22:00";"223";"Sem vítima";"869,327";"BR-163/MT";"Crescente";"Atropelamento de animal";0;0;1;0;0;0;0;0;0;0;1;0;0;0;0
"28/12/2024";"04:00:00";"58";"Com vítima";"951,508";"BR-163/MT";"Crescente";"Colisão frontal";1;0;0;0;0;0;0;0;0;1;0;2;2;0;1
"28/12/2024";"09:24:00";"84";"Sem vítima";"284,668";"BR-163/PA";"Crescente";"Saída de pista";1;0;0;0;0;0;0;0;0;0;2;0;0;0;0
"30/12/2024";"02:19:00";"32";"Sem vítima";"480,902";"BR-163/PA";"Crescente";"Atropelamento de animal";1;0;0;0;0;0;0;0;0;0;2;0;0;0;0
"30/12/2024";"08:32:00";"104";"Sem vítima";"909,155";"BR-163/MT";"Decrescente";"Colisão lateral no mesmo sentido";0;0;1;0;0;0;0;0;0;1;2;0;0;0;0
"30/12/2024";"01:04:00";"125";"Com vítima";"349,673";"BR-163/PA";"Decrescente";"Queda de moto";0;0;0;1;0;0;0;0;0;0;0;1;0;0;0
"30/12/2024";"06:15:00";"146";"Com vítima";"308,648";"BR-163/PA";"Crescente";"Colisão frontal";1;0;0;1;0;0;0;0;0;0;0;1;1;0;1
"31/12/2024";"01:15:00";"120";"Sem vítima";"494,479";"BR-163/PA";"Crescente";"Colisão lateral no mesmo sentido";0;0;2;0;0;0;0;0;0;0;3;0;0;0;0
"31/12/2024";"07:17:00";"158";"Com vítima";"1055,24";"BR-163/MT";"Decrescente";"Colisão traseira";2;0;0;0;0;0;0;0;0;0;1;2;0;0;0
"01/01/2025";"02:23:00";"36";"Sem vítima";"1044,68";"BR-163/MT";"Crescente";"Saída de pista";1;0;0;0;0;0;0;0;0;0;1;0;0;0;0
"01/01/2025";"02:04:00";"89";"Sem vítima";"926,283";"BR-163/MT";"Decrescente";"Saída de pista";1;0;0;0;0;0;0;0;0;0;1;0;0;0;0
"01/01/2025";"03:31:00";"93";"Com vítima";"309,418";"BR-163/PA";"Crescente";"Colisão transversal";1;0;0;1;0;0;0;0;0;0;1;0;1;2;0
"02/01/2025";"06:42:00";"91";"Com vítima";"1102,43";"BR-163/MT";"Crescente";"Tombamento";0;0;1;0;0;0;0;0;0;0;0;1;2;0;0
"02/01/2025";"07:30:00";"98";"Com vítima";"1082,10";"BR-163/MT";"Decrescente";"Capotamento";1;0;0;0;0;0;0;0;0;0;0;1;0;0;0
"02/01/2025";"04:39:00";"168";"Sem vítima";"856,179";"BR-163/MT";"Decrescente";"Colisão traseira";1;0;1;0;0;0;0;0;0;0;5;0;0;0;0
"02/01/2025";"09:29:00";"179";"Sem vítima";"353,830";"BR-163/PA";"Decrescente";"Atropelamento de animal";1;0;0;0;0;0;0;0;0;0;4;0;0;0;0
"03/01/2025";"04:55:00";"82";"Com vítima";"427,941";"BR-163/PA";"Crescente";"Saída de pista";0;0;0;0;0;0;0;0;0;1;4;1;0;0;0
"03/01/2025";"03:45:00";"50";"Com vítima";"436,090";"BR-163/PA";"Crescente";"Tombamento";0;0;1;0;0;0;0;0;0;0;0;1;0;0;0
"04/01/2025";"12:00:00";"119";"Com vítima";"343,257";"BR-163/PA";"Decrescente";"Colisão lateral no mesmo sentido";1;0;0;0;0;0;0;0;0;1;1;3;0;0;0
"04/01/2025";"06:38:00";"47";"Sem vítima";"643,045";"BR-163/PA";"Crescente";"Tombamento";0;0;2;0;0;0;0;0;0;0;3;0;0;0;0
"05/01/2025";"07:33:00";"41";"Sem vítima";"397,982";"BR-163/PA";"Crescente";"Saída de pista";1;0;0;0;0;0;0;0;0;0;2;0;0;0;0
"05/01/2025";"09:53:00";"55";"Sem vítima";"625,208";"BR-163/PA";"Crescente";"Colisão traseira";0;0;2;0;0;0;0;0;0;0;3;0;0;0;0
"05/01/2025";"01:26:00";"71";"Com vítima";"1054,33";"BR-163/MT";"Crescente";"Queda de bicicleta";0;0;0;1;0;0;0;0;0;0;0;1;0;0;0
"07/01/2025";"09:43:00";"133";"Com vítima";"146,336";"BR-163/PA";"Decrescente";"Saída de pista";1;0;1;0;0;0;0;0;0;0;1;1;0;0;0
"07/01/2025";"02:47:00";"153";"Sem vítima";"897,059";"BR-163/MT";"Crescente";"Colisão traseira";0;0;1;0;0;0;0;0;0;0;1;0;0;0;0
"08/01/2025";"12:39:00";"40";"Sem vítima";"236,927";"BR-163/PA";"Crescente";"Atropelamento de animal";1;0;0;0;0;0;0;0;0;0;2;0;0;0;0
"08/01/2025";"10:07:00";"198";"Com vítima";"1103,28";"BR-163/MT";"Crescente";"Choque";0;0;1;0;0;0;0;0;0;0;0;1;0;0;0
"09/01/2025";"01:08:00";"7";"Sem vítima";"1066,42";"BR-163/MT";"Decrescente";"Saída de pista";0;0;0;0;0;0;0;0;0;1;2;0;0;0;0
"09/01/2025";"08:13:00";"127";"Com vítima";"1017,61";"BR-163/MT";"Crescente";"Capotamento";2;0;0;0;0;0;0;0;0;0;0;4;0;0;0
"09/01/2025";"10:26:00";"138";"Com vítima";"986,470";"BR-163/MT";"Decrescente";"Tombamento";0;0;1;0;0;0;0;0;0;0;0;1;0;0;0
"09/01/2025";"09:06:00";"188";"Sem vítima";"897,000";"BR-163/MT";"Crescente";"Atropelamento de animal";1;0;0;0;0;0;0;0;0;0;2;0;0;0;0
"09/01/2025";"10:42:00";"195";"Sem vítima";"974,189";"BR-163/MT";"Crescente";"Atropelamento de animal";1;0;0;0;0;0;0;0;0;0;2;0;0;0;0
"10/01/2025";"10:22:00";"143";"Sem vítima";"983,687";"BR-163/MT";"Crescente";"Tombamento";0;0;1;0;0;0;0;0;0;0;1;0;0;0;0
"10/01/2025";"04:01:00";"175";"Com vítima";"572,501";"BR-163/PA";"Crescente";"Colisão transversal";0;0;2;0;0;0;0;0;0;0;2;1;0;0;0
"10/01/2025";"11:28:00";"197";"Sem vítima";"316,764";"BR-163/PA";"Decrescente";"Saída de pista";1;0;0;0;0;0;0;0;0;0;2;0;0;0;0
"11/01/2025";"03:06:00";"117";"Com vítima";"380,892";"BR-163/PA";"Decrescente";"Saída de pista";1;0;0;0;0;0;0;0;0;0;2;1;0;0;0
"11/01/2025";"09:54:00";"146";"Sem vítima";"1045,29";"BR-163/MT";"Decrescente";"Colisão lateral no mesmo sentido";0;0;1;0;0;0;0;0;0;1;2;0;0;0;0
"12/01/2025";"11:21:00";"85";"Com vítima";"955,632";"BR-163/MT";"Crescente";"Colisão transversal";1;0;0;1;0;0;0;0;0;0;2;2;0;0;0
"12/01/2025";"11:33:00";"86";"Com vítima";"104,676";"BR-163/PA";"Decrescente";"Queda de moto";0;0;0;1;0;0;0;0;0;0;0;2;0;0;0
"13/01/2025";"10:57:00";"145";"Com vítima";"1049,26";"BR-163/MT";"Crescente";"Colisão lateral no mesmo sentido";2;0;0;0;0;0;0;0;0;1;2;3;1;0;0
"13/01/2025";"12:09:00";"151";"Sem vítima";"1126,76";"BR-230/PA";"Crescente";"Tombamento";0;0;1;0;0;0;0;0;0;0;1;0;0;0;0
"13/01/2025";"07:47:00";"178";"Sem vítima";"939,470";"BR-163/MT";"Decrescente";"Colisão traseira";2;0;0;0;0;0;0;0;0;0;2;0;0;0;0
"14/01/2025";"12:22:00";"154";"Sem vítima";"261,508";"BR-163/PA";"Crescente";"Saída de pista";0;0;1;0;0;0;0;0;0;0;3;0;0;0;0
"14/01/2025";"01:30:00";"161";"Com vítima";"1110,23";"BR-163/MT";"Decrescente";"Saída de pista";0;0;1;0;0;0;0;0;0;0;0;0;0;1;0
"14/01/2025";"09:11:00";"199";"Sem vítima";"999,711";"BR-163/MT";"Crescente";"Atropelamento de animal";1;0;0;0;0;0;0;0;0;0;2;0;0;0;0
"15/01/2025";"05:24:00";"108";"Com vítima";"318,230";"BR-163/PA";"Decrescente";"Capotamento";1;0;0;0;0;0;0;0;0;0;0;1;0;0;0
"15/01/2025";"08:37:00";"130";"Com vítima";"1040,06";"BR-163/MT";"Decrescente";"Colisão transversal";0;1;1;0;0;0;0;0;0;0;6;0;0;0;0
"15/01/2025";"11:17:00";"147";"Sem vítima";"517,046";"BR-163/PA";"Crescente";"Saída de pista";0;0;1;0;0;0;0;0;0;0;1;0;0;0;0
"16/01/2025";"12:10:00";"172";"Com vítima";"572,123";"BR-163/PA";"Decrescente";"Colisão transversal";1;0;0;1;0;0;0;0;0;0;3;0;1;0;0
"16/01/2025";"04:29:00";"198";"Sem vítima";"870,979";"BR-163/MT";"Decrescente";"Colisão traseira";1;0;0;0;0;0;0;0;0;0;2;0;0;0;0
"17/01/2025";"04:58:00";"115";"Com vítima";"1033,02";"BR-163/MT";"Crescente";"Saída de pista";1;0;0;0;0;0;0;0;0;0;0;2;0;0;0
"17/01/2025";"07:33:00";"182";"Sem vítima";"1060,38";"BR-163/MT";"Decrescente";"Atropelamento de animal";1;0;0;0;0;0;0;0;0;0;1;0;0;0;0
"18/01/2025";"01:33:00";"144";"Com vítima";"623,687";"BR-163/PA";"Crescente";"Colisão frontal";0;0;1;1;0;0;0;0;0;0;1;1;0;0;0
"18/01/2025";"07:27:00";"173";"Com vítima";"336,220";"BR-163/PA";"Crescente";"Capotamento";1;0;0;0;0;0;0;0;0;0;0;2;0;0;0
"18/01/2025";"08:53:00";"177";"Sem vítima";"640,382";"BR-163/PA";"Decrescente";"Atropelamento de animal";1;0;0;0;0;0;0;0;0;0;2;0;0;0;0
"18/01/2025";"11:43:00";"184";"Com vítima";"335,800";"BR-163/PA";"Decrescente";"Queda de moto";0;0;0;1;0;0;0;0;0;0;0;1;0;0;0
"19/01/2025";"01:32:00";"84";"Sem vítima";"930,614";"BR-163/MT";"Crescente";"Choque";0;0;2;0;1;0;0;0;0;0;7;0;0;0;0
"20/01/2025";"12:46:00";"2";"Com vítima";"1027,80";"BR-163/MT";"Decrescente";"Atropelamento de animal";0;0;0;0;0;0;0;0;0;1;0;4;0;0;0
"20/01/2025";"02:27:00";"169";"Sem vítima";"44,246";"BR-163/PA";"Decrescente";"Saída de pista";1;0;0;0;0;0;0;0;0;0;4;0;0;0;0
"20/01/2025";"08:15:00";"196";"Sem vítima";"354,308";"BR-163/PA";"Decrescente";"Atropelamento de animal";1;0;0;0;0;0;0;0;0;0;1;0;0;0;0
"21/01/2025";"07:32:00";"136";"Sem vítima";"468,959";"BR-163/PA";"Crescente";"Atropelamento de animal";1;0;0;0;0;0;0;0;0;0;1;0;0;0;0
"21/01/2025";"12:57:00";"154";"Com vítima";"1102,28";"BR-163/MT";"Crescente";"Colisão lateral no mesmo sentido";0;0;2;0;0;0;0;0;0;0;0;0;2;1;0
"21/01/2025";"08:10:00";"174";"Sem vítima";"61,462";"BR-163/PA";"Crescente";"Choque";1;0;0;0;0;0;0;0;0;0;2;0;0;0;0
"21/01/2025";"09:44:00";"176";"Sem vítima";"158,100";"BR-163/PA";"Crescente";"Saída de pista";0;0;0;0;0;0;0;0;0;1;1;0;0;0;0
"22/01/2025";"01:29:00";"5";"Sem vítima";"173,488";"BR-163/PA";"Crescente";"Atropelamento de animal";0;0;0;0;0;0;0;0;0;1;1;0;0;0;0
"22/01/2025";"11:25:00";"156";"Com vítima";"897,105";"BR-163/MT";"Crescente";"Colisão traseira";1;0;1;0;0;0;0;0;0;0;2;1;0;0;0
"22/01/2025";"02:05:00";"170";"Sem vítima";"955,626";"BR-163/MT";"Decrescente";"Colisão frontal";0;0;0;0;0;0;0;0;0;2;2;0;0;0;0
"22/01/2025";"04:04:00";"182";"Com vítima";"65,150";"BR-163/PA";"Crescente";"Capotamento";0;0;0;0;0;0;0;0;0;1;1;1;0;0;0
"23/01/2025";"04:37:00";"120";"Sem vítima";"929,297";"BR-163/MT";"Crescente";"Atropelamento de animal";0;0;0;0;0;0;0;0;0;1;3;0;0;0;0
"23/01/2025";"08:21:00";"144";"Com vítima";"865,772";"BR-163/MT";"Crescente";"Engavetamento";0;0;2;0;0;0;0;0;0;1;3;1;0;0;0
"23/01/2025";"11:00:00";"154";"Sem vítima";"1012,92";"BR-163/MT";"Crescente";"Colisão traseira";0;0;1;0;0;0;0;0;0;0;1;0;0;0;0
"24/01/2025";"08:04:00";"139";"Sem vítima";"870,434";"BR-163/MT";"Crescente";"Colisão transversal";0;0;1;0;0;0;0;0;0;1;6;0;0;0;0
"24/01/2025";"11:05:00";"171";"Sem vítima";"106,840";"BR-163/PA";"Crescente";"Saída de pista";0;0;0;0;0;0;0;0;0;1;1;0;0;0;0
"24/01/2025";"01:32:00";"180";"Sem vítima";"924,500";"BR-163/MT";"Decrescente";"Saída de pista";0;0;0;0;0;0;0;0;0;1;2;0;0;0;0